-- phpMyAdmin SQL Dump
-- version 4.5.1
-- http://www.phpmyadmin.net
--
-- Host: 127.0.0.1
-- Generation Time: Oct 11, 2016 at 02:05 PM
-- Server version: 10.1.9-MariaDB
-- PHP Version: 5.5.30

SET SQL_MODE = "NO_AUTO_VALUE_ON_ZERO";
SET time_zone = "+00:00";


/*!40101 SET @OLD_CHARACTER_SET_CLIENT=@@CHARACTER_SET_CLIENT */;
/*!40101 SET @OLD_CHARACTER_SET_RESULTS=@@CHARACTER_SET_RESULTS */;
/*!40101 SET @OLD_COLLATION_CONNECTION=@@COLLATION_CONNECTION */;
/*!40101 SET NAMES utf8mb4 */;

--
-- Database: `quanly`
--

-- --------------------------------------------------------

--
-- Table structure for table `category`
--

CREATE TABLE `category` (
  `Id` int(11) NOT NULL,
  `Category_Name` varchar(128) CHARACTER SET utf8 COLLATE utf8_unicode_ci NOT NULL,
  `Category_News` tinyint(4) NOT NULL DEFAULT '1',
  `Parent_Id` int(11) NOT NULL DEFAULT '0'
) ENGINE=InnoDB DEFAULT CHARSET=utf8;

--
-- Dumping data for table `category`
--

INSERT INTO `category` (`Id`, `Category_Name`, `Category_News`, `Parent_Id`) VALUES
(1, 'Điện Thoại', 1, 0),
(2, 'Lg', 1, 1),
(3, 'Sony', 1, 1),
(4, 'Phu kiện', 1, 0),
(5, 'Tai nghe', 1, 4),
(6, 'SamSung', 1, 1),
(7, 'Nokia', 1, 1),
(8, 'Tin tức', 0, 0),
(9, 'Tin c&ocirc;ng nghệ', 0, 8),
(10, 'Tư vấn mua điện thoại', 0, 8),
(11, 'Đ&aacute;nh gi&aacute;', 0, 8);

-- --------------------------------------------------------

--
-- Table structure for table `config_detail`
--

CREATE TABLE `config_detail` (
  `Id` int(255) NOT NULL,
  `Config_Id` int(255) NOT NULL,
  `Product_Id` int(255) NOT NULL,
  `Description` varchar(255) NOT NULL
) ENGINE=InnoDB DEFAULT CHARSET=utf8;

--
-- Dumping data for table `config_detail`
--

INSERT INTO `config_detail` (`Id`, `Config_Id`, `Product_Id`, `Description`) VALUES
(1, 1, 2, '128 GB'),
(2, 2, 2, '8 GB'),
(3, 3, 2, '1.0 MP'),
(4, 4, 2, '8.0 MP, Quay phim FullHD 1080p@30fps'),
(5, 5, 2, 'Qualcomm Snapdragon 400, 4 nhân, 1.2 GHz'),
(6, 6, 2, '	Windows Phone 8.1'),
(7, 7, 2, 'IPS-LCD, 5.0\\", 720 x 1280 pixels'),
(8, 8, 2, '2500 mAh'),
(9, 9, 2, '1 GB'),
(10, 1, 3, '128 GB'),
(11, 2, 3, '16 G'),
(12, 3, 3, '20.7 MP, Quay phim 4K 2160p@30fps'),
(13, 4, 3, '2.2 MP'),
(14, 5, 3, 'Qualcomm Snapdragon 801, 4 nhân, 2.5 GHz'),
(15, 6, 3, 'Android 4.4 (KitKat)'),
(16, 7, 3, 'Full HD, 5.2\\", 1080 x 1920 pixels'),
(17, 8, 3, '3100 mAh'),
(18, 9, 3, '3 GB'),
(37, 1, 6, '64 GB'),
(38, 2, 6, '16 G'),
(39, 3, 6, '20.7 MP, Quay phim 4K 2160p@30fps'),
(40, 4, 6, '2.2'),
(41, 5, 6, 'Qualcomm Snapdragon 801, 4 nhân, 2.5 GHz'),
(42, 6, 6, 'Android 4.4 (KitKat)'),
(43, 7, 6, 'HD, 4.6'),
(44, 8, 6, '2600 mAh'),
(45, 9, 6, '2 GB'),
(46, 1, 7, 'WVGA, 4.0\\", 480 x 800 pixels'),
(47, 2, 7, 'Qualcomm , 1 nhân, 1.2 GHz'),
(48, 3, 7, ''),
(49, 4, 7, ''),
(50, 5, 7, ''),
(51, 6, 7, ''),
(52, 7, 7, ''),
(53, 8, 7, ''),
(54, 9, 7, ''),
(55, 1, 8, '32 GB'),
(56, 2, 8, '32 GB'),
(57, 3, 8, '5MB'),
(58, 4, 8, '3 MP, 4128 x 3096 pixels'),
(59, 5, 8, 'SnapdragS800'),
(60, 6, 8, 'Android OS, v4.2.2 (Jelly Bean)'),
(61, 7, 8, '136.6 x 69.8 x 7.9 mm'),
(62, 8, 8, '2600 mAh'),
(63, 9, 8, '2GB RAM'),
(64, 1, 9, '1G'),
(65, 2, 9, '8 GB'),
(66, 3, 9, '8 MP, f/2.2'),
(67, 4, 9, '5 MP, f/2.2'),
(68, 5, 9, 'Quad-core 1.3 GHz Cortex-A7'),
(69, 6, 9, 'Android OS, v5.1 (Lollipop)'),
(70, 7, 9, '	5.0 inches'),
(71, 8, 9, '2600 mAh'),
(72, 9, 9, '1.5 GB'),
(73, 1, 10, 'MicroSD'),
(74, 2, 10, '10g'),
(75, 3, 10, '16 MP'),
(76, 4, 10, '8 MP'),
(77, 5, 10, '2.2 GHz'),
(78, 6, 10, 'Android 6.0'),
(79, 7, 10, '5.3 inch'),
(80, 8, 10, '2800 mAh'),
(81, 9, 10, '4 GB'),
(82, 1, 11, 'microSD'),
(83, 2, 11, '32 GB'),
(84, 3, 11, '20.7 MP'),
(85, 4, 11, '2.2 MP'),
(86, 5, 11, 'Qualcomm MSM8974AC Snapdrag801'),
(87, 6, 11, 'Android v4.4.4 (KitKat)'),
(88, 7, 11, 'IPS LCD'),
(89, 8, 11, '3200 mAh'),
(90, 9, 11, '3 GB'),
(91, 1, 12, 'microSD'),
(92, 2, 12, '16 GB'),
(93, 3, 12, '8 MP'),
(94, 4, 12, '5 MP'),
(95, 5, 12, 'Quad-core 1.2 GHz'),
(96, 6, 12, 'Android OS, v5.1 (Lollipop)'),
(97, 7, 12, 'Super AMOLED 16 Triệu màu'),
(98, 8, 12, 'Li-Ion 2600 mAh'),
(99, 9, 12, '2 GB'),
(100, 1, 13, 'không'),
(101, 2, 13, '32 GB'),
(102, 3, 13, '13.0MP'),
(103, 4, 13, '5.0 MP'),
(104, 5, 13, 'Octa-core 1.6 GHz'),
(105, 6, 13, 'Android 6.0 (Marshmallow)'),
(106, 7, 13, 'Full HD sAMOLED 1080 x 1920 pixels'),
(107, 8, 13, '3300 mAh'),
(108, 9, 13, '3 GB'),
(109, 1, 14, 'không'),
(110, 2, 14, '32/64 GB'),
(111, 3, 14, '16 MP, f/1.9, 28mm'),
(112, 4, 14, '5 MP, f/1.9, 22mm'),
(113, 5, 14, 'Quad-core 1.5 GHz Cortex-A53 & Quad-core 2.1 GHz Cortex-A57'),
(114, 6, 14, 'Android OS, v5.0.2 (Lollipop), upgradable to v5.1.1 (Lollipop)'),
(115, 7, 14, 'Super AMOLED capacitive touchscreen,'),
(116, 8, 14, '3500 mAh'),
(117, 9, 14, '3 GB'),
(127, 1, 16, 'Micro SD'),
(128, 2, 16, '4 GB'),
(129, 3, 16, '5.0 MP'),
(130, 4, 16, 'không'),
(131, 5, 16, 'Qualcomm Snapdrag200'),
(132, 6, 16, 'Windows Phone 8.1'),
(133, 7, 16, 'TFT 16 triệu màu-FWVGA'),
(134, 8, 16, 'Li-Ion 1430 mAh'),
(135, 9, 16, '512 MB'),
(136, 1, 17, 'MicroSD (T-Flash)'),
(137, 2, 17, '4 GB'),
(138, 3, 17, '3.0 MP'),
(139, 4, 17, 'không'),
(140, 5, 17, 'Qualcomm SnapdragS4'),
(141, 6, 17, 'Nokia X software platform (trên nền Android 4.4)'),
(142, 7, 17, 'WVGA 16 triệu màu'),
(143, 8, 17, 'Pin Nokia BN-01 1500 mAh'),
(144, 9, 17, '512 MB'),
(145, 1, 18, 'MicroSD (T-Flash)'),
(146, 2, 18, '32 GB'),
(147, 3, 18, '2.0 MP'),
(148, 4, 18, 'không'),
(149, 5, 18, ''),
(150, 6, 18, 'java'),
(151, 7, 18, 'LCD 262.000 màu'),
(152, 8, 18, 'Pin Nokia BL-4UL 1200 mAh'),
(153, 9, 18, ''),
(154, 1, 19, 'không'),
(155, 2, 19, '8GB'),
(156, 3, 19, '8.0 Mpx AF'),
(157, 4, 19, '1.3.0 Mpx'),
(158, 5, 19, '1.5 GHz Dual-Core'),
(159, 6, 19, 'Android OS, v4.1 (Jelly Bean)'),
(160, 7, 19, '16M màu True HD-IPS LCD Touchscreen (Cảm ứng)'),
(161, 8, 19, 'Li-Ion 2600 mAh'),
(162, 9, 19, '2GB'),
(163, 1, 20, 'SDcard'),
(164, 2, 20, '8 GB'),
(165, 3, 20, '8 MP'),
(166, 4, 20, '5 MP'),
(167, 5, 20, 'Quad-core 1.3 GHz Cortex-A7'),
(168, 6, 20, 'Android OS, v5.1 (Lollipop)'),
(169, 7, 20, 'TFT capacitive touchscreen, 16M colors'),
(170, 8, 20, '2600 mAh'),
(171, 9, 20, '1.5 GB'),
(172, 1, 21, 'MicroSD (T-Flash)'),
(173, 2, 21, '8 GB'),
(174, 3, 21, '8 MP'),
(175, 4, 21, '5 MP'),
(176, 5, 21, 'Qualcomm Snapdrag400'),
(177, 6, 21, 'Android 4.4 (KitKat)'),
(178, 7, 21, 'IPS LCD'),
(179, 8, 21, '2500 mAh'),
(180, 9, 21, '1 GB'),
(181, 1, 22, 'MicroSD (T-Flash)'),
(182, 2, 22, '8 GB'),
(183, 3, 22, '5.0 MP'),
(184, 4, 22, 'VGA (0.3 Mpx)'),
(185, 5, 22, 'Qualcomm Snapdrag200'),
(186, 6, 22, 'Window phone 8.1 Lumia Delim'),
(187, 7, 22, 'LCD 16 triệu màu'),
(188, 8, 22, '1560 mAh'),
(189, 9, 22, '1 GB'),
(190, 1, 23, 'MicroSD (T-Flash)'),
(191, 2, 23, '4 GB'),
(192, 3, 23, '5.0 MP'),
(193, 4, 23, '2.0 MP'),
(194, 5, 23, 'Qualcomm SnapdragS4'),
(195, 6, 23, 'Nokia X software platform'),
(196, 7, 23, 'IPS LCD 16 triệu màu'),
(197, 8, 23, 'Pin Nokia BN-02 2000 mAh'),
(198, 9, 23, '768 MB'),
(199, 1, 24, 'không'),
(200, 2, 24, '8 GB'),
(201, 3, 24, '13.0 MP'),
(202, 4, 24, '2.1 MP'),
(203, 5, 24, 'Qualcomm Snapdrag800'),
(204, 6, 24, 'Android 4.2.2 (Jelly Bean)'),
(205, 7, 24, 'True HD-IPS + LCD'),
(206, 8, 24, '3000 (mAh)'),
(207, 9, 24, '2GB'),
(208, 1, 25, 'microSD'),
(209, 2, 25, '16 GB'),
(210, 3, 25, '8 MP'),
(211, 4, 25, '2.1 MP'),
(212, 5, 25, 'Qualcomm Snapdragon 400'),
(213, 6, 25, 'Android OS, v4.4.2 (KitKat)'),
(214, 7, 25, 'IPS LCD 	16 Triệu màu'),
(215, 8, 25, 'Li-Ion 2610 mAh'),
(216, 9, 25, '1.5 GB'),
(217, 1, 26, 'microSD'),
(218, 2, 26, '16 GB'),
(219, 3, 26, '13.1 MP'),
(220, 4, 26, '2.1 MP'),
(221, 5, 26, 'Qualcomm APQ8064 SnapdragS4 Pro'),
(222, 6, 26, 'Android v4.1.2 (Jelly Bean)'),
(223, 7, 26, 'TFT capacitive touchscreen, 16M colors'),
(224, 8, 26, '2330 mAh'),
(225, 9, 26, '2 GB'),
(235, 1, 28, '128 GB'),
(236, 2, 28, '8 GB'),
(237, 3, 28, '5 MP'),
(238, 4, 28, 'không'),
(239, 5, 28, 'Qualcomm Snapdrag400'),
(240, 6, 28, 'Windows Phone 8.1'),
(241, 7, 28, 'IPS LCD'),
(242, 8, 28, '1830 mAh'),
(243, 9, 28, '512 MB'),
(244, 1, 29, 'microSD'),
(245, 2, 29, '32GB'),
(246, 3, 29, '20.7 M'),
(247, 4, 29, '2 M'),
(248, 5, 29, 'Qualcomm MSM8974 Snapdrag800'),
(249, 6, 29, 'Android v4.3 (Jelly Bean)'),
(250, 7, 29, 'TFT capacitive touchscreen, 16M colors'),
(251, 8, 29, '3000 mAh'),
(252, 9, 29, '2GB'),
(253, 1, 30, 'MicroSD (T-Flash)'),
(254, 2, 30, '16 GB'),
(255, 3, 30, '10 MP'),
(256, 4, 30, '1 MP'),
(257, 5, 30, 'Adreno 305'),
(258, 6, 30, 'Windows Phone 8.1'),
(259, 7, 30, 'IPS LCD 16 triệu màu, 700nits'),
(260, 8, 30, '2200 mAh'),
(261, 9, 30, '1 GB'),
(262, 1, 31, ''),
(263, 2, 31, ''),
(264, 3, 31, ''),
(265, 4, 31, ''),
(266, 5, 31, ''),
(267, 6, 31, ''),
(268, 7, 31, ''),
(269, 8, 31, ''),
(270, 9, 31, ''),
(271, 1, 32, ''),
(272, 2, 32, ''),
(273, 3, 32, ''),
(274, 4, 32, ''),
(275, 5, 32, ''),
(276, 6, 32, ''),
(277, 7, 32, ''),
(278, 8, 32, ''),
(279, 9, 32, '');

-- --------------------------------------------------------

--
-- Table structure for table `config_products`
--

CREATE TABLE `config_products` (
  `Id` int(255) NOT NULL,
  `Config_Name` varchar(255) NOT NULL,
  `Status` tinyint(4) NOT NULL DEFAULT '1'
) ENGINE=InnoDB DEFAULT CHARSET=utf8;

--
-- Dumping data for table `config_products`
--

INSERT INTO `config_products` (`Id`, `Config_Name`, `Status`) VALUES
(1, 'Bộ nhớ ngoài(Hỗ trợ)', 1),
(2, 'Bộ nhớ trong', 1),
(3, 'Camera sau', 1),
(4, 'Camera trước', 1),
(5, 'CPU', 1),
(6, 'Hệ điều hành', 1),
(7, 'Màn hình', 1),
(8, 'PIN', 1),
(9, 'RAM', 1);

-- --------------------------------------------------------

--
-- Table structure for table `maps`
--

CREATE TABLE `maps` (
  `id` int(11) NOT NULL,
  `name` varchar(60) NOT NULL,
  `address` varchar(80) NOT NULL,
  `lat` varchar(10) NOT NULL,
  `lng` varchar(10) NOT NULL
) ENGINE=MyISAM DEFAULT CHARSET=utf8;

--
-- Dumping data for table `maps`
--

INSERT INTO `maps` (`id`, `name`, `address`, `lat`, `lng`) VALUES
(1, 'Cao Dũng Shop', 'ngõ 449 , cổ nhuế hà nội', '21.0661419', '105.779291');

-- --------------------------------------------------------

--
-- Table structure for table `news`
--

CREATE TABLE `news` (
  `Id` int(255) NOT NULL,
  `Category_Id` int(11) NOT NULL,
  `User_Id` int(11) NOT NULL,
  `Name_Post` varchar(255) NOT NULL,
  `Content_Post` text NOT NULL,
  `Image_Link` varchar(100) NOT NULL DEFAULT '/Uploads/images/avatar.jpg',
  `Status` tinyint(4) NOT NULL DEFAULT '1',
  `Created` date NOT NULL
) ENGINE=InnoDB DEFAULT CHARSET=utf8;

--
-- Dumping data for table `news`
--

INSERT INTO `news` (`Id`, `Category_Id`, `User_Id`, `Name_Post`, `Content_Post`, `Image_Link`, `Status`, `Created`) VALUES
(1, 9, 1, 'Redmi 3S Prime – Xứng danh Quái Thú Làng Công Nghệ', '<div class="summary">Xiaomi, c&aacute;i t&ecirc;n đ&atilde; trở n&ecirc;n qu&aacute; quen thuộc với người d&ugrave;ng c&ocirc;ng nghệ. N&oacute; li&ecirc;n tục đ&aacute;nh bại những c&aacute;i t&ecirc;n lớn như LG, HTC, ... v&agrave; ch&iacute;nh thức bước ch&acirc;n v&agrave;o top 3 nh&agrave; sản xuất h&agrave;ng đầu thế giới chỉ sau Samsung v&agrave; Apple. V&agrave; Redmi 3S Prime ch&iacute;nh l&agrave; đại diện ti&ecirc;u biểu cho th&agrave;nh c&ocirc;ng của Xiaomi với c&aacute;i t&ecirc;n &ldquo;Qu&aacute;i th&uacute; c&ocirc;ng nghệ&rdquo; &ndash; N&oacute; sở hữu vi&ecirc;n pin tr&acirc;u 4.100 mAh, RAM 3 GB, m&agrave; gi&aacute; chỉ từ 2,3 triệu.</div>\r\n<div class="description clearfix">\r\n<p><img src="http://msmobile.com.vn/upload_images/images/maxresdefault(135).jpg" alt="" /></p>\r\n<p>Xiaomi Redmi 3S Prime đ&atilde; g&acirc;y n&ecirc;n cơn sốt lớn tr&ecirc;n thị trường smartphone x&aacute;ch tay gi&aacute; rẻ. V&agrave; tại MSmobile n&oacute; cũng l&agrave; si&ecirc;u phẩm dẫn đầu về doanh số b&aacute;n h&agrave;ng trong suốt thời gian qua.</p>\r\n<p><strong>Một thiết kế sang trọng trong từng đường n&eacute;t.</strong></p>\r\n<p>C&oacute; nhiều người cho rằng, Redmi 3S Prime kh&aacute; giống với người anh em Redmi Note 3. Thế nhưng, đ&oacute; chỉ l&agrave; c&aacute;i thoạt nh&igrave;n, v&agrave; nếu như giống th&igrave; đơn giản đ&oacute; l&agrave; những n&eacute;t truyền thống nổi bật trong thiết kế của nh&agrave; Sản xuất Xiaomi. Tuy nhi&ecirc;n, ta c&oacute; thể thấy r&otilde; mặt lưng của Redmi 3S Prime kh&ocirc;ng phải ho&agrave;n thiện ho&agrave;n to&agrave;n từ kim loại. V&igrave; l&agrave; khu vực để c&aacute;c s&oacute;ng từ ăng-ten c&oacute; thể đi qua n&ecirc;n n&oacute; được gia c&ocirc;ng chi tiết nhựa cứng ở 2 v&ugrave;ng cạnh tr&ecirc;n v&agrave; cạnh dưới tạo điều kiện bắt s&oacute;ng nhạy b&eacute;n do chất liệu kim loại vốn l&agrave; vật cản s&oacute;ng.</p>\r\n<p><img src="http://msmobile.com.vn/upload_images/images/1470218864_xiaomi-redmi-3s-prime-redmi-3s-flash-sale-details-revealed-both-phones-will-be-available-aug-17.jpg" alt="" /></p>\r\n<p>Thiết kế n&agrave;y mang đến cho người d&ugrave;ng một cảm gi&aacute;c thoải m&aacute;i, tự tin v&agrave; v&ocirc; c&ugrave;ng tiện lời khi sử dụng.</p>\r\n<p>Xiaomi Redmi 3S Prime chạy tr&ecirc;n nền tảng hệ điều h&agrave;nh Android 6.0.1 c&ugrave;ng nền tảng MIUI 7 mang lại sự t&ugrave;y biến cao khi sử dụng. Hy vọng lộ tr&igrave;nh l&ecirc;n MIUI 8 của n&oacute; sẽ th&agrave;nh c&ocirc;ng v&agrave; đơn giản hơn.</p>\r\n<p>Một điểm nhấn đặc biệt tr&ecirc;n con khủng long n&agrave;y đ&oacute; ch&iacute;nh l&agrave; vi&ecirc;n pin tr&acirc;u cho thời gian onscreen l&ecirc;n tới 10 giờ. Hơn nữa, với m&agrave;n h&igrave;nh 5 inch HDn&oacute; l&agrave; l&agrave; qu&aacute; ho&agrave;n hảo. Thời gian b&igrave;nh thường hoạt động m&aacute;y c&oacute; thể l&ecirc;n đến 2 ng&agrave;y v&agrave; c&ograve;n hơn thế nữa nếu đơn giản bạn chỉ dung điện thoại chủ yếu để gọi, check mail hay tin nhắn th&igrave; con số n&agrave;y c&oacute; thể l&ecirc;n tới 3 ng&agrave;y.</p>\r\n<p><img src="http://msmobile.com.vn/upload_images/images/Xiaomi-Redmi-3S-Prime-and-Redmi-3S-Smartphones-with-4100-mAh-Battery-launched-in-India.jpg" alt="" /></p>\r\n<p>Redmi 3S Prime sở hữu si&ecirc;u chip Snapdragon 430 với 8 nh&acirc;n Cortex-A53 tốc độ 1.2 GHz v&agrave; Adreno 505 k&egrave;m theo đ&oacute; l&agrave; 3 GB RAM v&agrave; 32 GB bộ nhớ trong. Từ đ&oacute; khả năng đa nhiệm của n&oacute; trở n&ecirc;n mượt m&agrave; hơn. Bạn c&oacute; thể c&ugrave;ng l&uacute;c chạy 7,8 ứng dụng hoặc c&aacute;c tab như tr&ecirc;n gg Chrome m&agrave; m&aacute;y vẫn hoạt động ổn định, b&igrave;nh thường.</p>\r\n<p>V&agrave; nhất l&agrave; với một mức gi&aacute; kh&ocirc;ng thể rẻ hơn nữa, Xiaomi Redmi 3S Prime thực sự l&agrave; một sự lựa chọn th&ocirc;ng minh. N&oacute; qu&aacute; ho&agrave;n hảo, qu&aacute; đẹp v&agrave; chất so với mức gi&aacute; chỉ hơn 2 triệu đ&ocirc;ngf.</p>\r\n<p>H&atilde;y gh&eacute; qua MSmobile v&agrave; trực tiếp trải nghiệm si&ecirc;u phẩm n&agrave;y nh&eacute;.</p>\r\n<p>&nbsp;</p>\r\n</div>', '/Uploads/images/tintuc/lg-g5-f700.jpg', 1, '2016-08-31'),
(2, 9, 1, 'SỐC! iPhone thế hệ thứ 10 xuất hiện với tông màu xanh đậm sang trọng', '<div class="summary">Bạn nghĩ sao về một chiếc iPhone với t&ocirc;ng m&agrave;u xanh đậm bắt mắt. N&oacute; c&oacute; phải xu hướng h&igrave;nh ảnh c&ocirc;ng nghệ thời gian tới. C&acirc;u trả lời c&ograve;n qu&aacute; mơ hồ khi m&agrave; nh&agrave; Apple vẫn chưa c&oacute; bất kỳ động th&aacute;i g&igrave; trước những tin đồn đ&oacute;n đ&oacute;. C&ograve;n người d&ugrave;ng, lại đứng ngồi kh&ocirc;ng y&ecirc;n, khi trước đ&acirc;y họ đ&atilde; vỡ &ograve;a trong sung sướng khi iPhone 6s ra mắt với phi&ecirc;n bản m&agrave;u Gold sang trọng, m&agrave;u slive đẳng cấp. Ch&iacute;nh v&igrave; thế, h&igrave;nh ảnh của iPhone 7 m&agrave;u xanh đậm l&agrave; một k&iacute;ch th&iacute;ch v&ocirc; c&ugrave;ng lớn, nhất l&agrave; đối với fan h&acirc;m mộ nh&agrave; T&aacute;o.</div>\r\n<div class="description clearfix">\r\n<p><img src="http://msmobile.com.vn/upload_images/images/8(62).jpg" alt="" /></p>\r\n<p>Lật lại lịch sử ta c&oacute; thể thấy rằng, th&aacute;ng 9 được coi l&agrave; th&aacute;ng &ldquo;sanh thần&rdquo; của d&ograve;ng iPhone. V&igrave; vậy người d&ugrave;ng đang rất mong đợi sự kiện c&ocirc;ng nghệ lớn nhất trong năm với sự ra mắt của iPhơn 7 v&agrave; iPhone 7Plus cũng như nhiều mẫu điện thoại đến từ c&aacute;c h&atilde;ng sản xuất kh&aacute;c.</p>\r\n<p>Theo nguồn tin trong chuỗi cung ứng của Apple tại Trung Quốc cho biết, iPhone 7 sẽ c&oacute; th&ecirc;m m&agrave;u xanh dương với t&ecirc;n gọi "Deep Blue" hoặc "Dark Blue", thay cho phi&ecirc;n bản m&agrave;u x&aacute;m Space Gray. N&oacute; được đ&aacute;nh gi&aacute; l&agrave; một bước tiến vfa sự đột ph&aacute; lớn trong thiết kế h&igrave;nh ảnh của Apple. V&agrave; kh&ocirc;ng l&acirc;u sau đ&oacute;, h&igrave;nh ảnh của mẫu iPhone thế hệ thứ 10 nh&agrave; T&aacute;o đ&atilde; được một nh&oacute;m thiết kế c&oacute; t&ecirc;n Martin Hajek ph&aacute;c họa ch&acirc;n dung đẹp như mơ.</p>\r\n<p><img src="http://msmobile.com.vn/upload_images/images/7(26).png" alt="" /></p>\r\n<p>iPhone 7 sẽ được thiết kế m&agrave;u sắc với t&ocirc;ng m&agrave;u kh&aacute; đậm. N&oacute;l&agrave; sự pha trộn giữa xanh da trời v&agrave; x&aacute;m. M&agrave;u sắc mới khiến smartphone của Apple tr&ocirc;ng kh&aacute;c hẳn iPhone 6s hay iPhone 6, d&ugrave; kiểu d&aacute;ng tổng thể kh&ocirc;ng thay đổi nhiều. V&agrave; cũng chỉ thế th&ocirc;i, n&oacute; đ&atilde; l&agrave;m cho thế giới c&ocirc;ng nghệ n&oacute;ng hơn bao giờ hết.</p>\r\n<p>&nbsp;</p>\r\n<p>Cũng từ một v&agrave;i h&igrave;nh ảnh trước đ&acirc;y m&agrave; ch&uacute;ng t&ocirc;i thu thập được, iPhone 7 sẽ trang bị ăng-ten v&ograve;ng cung. Thiết kế n&agrave;y c&oacute; lẽ sẽ kh&ocirc;ng đơn độc, v&igrave; nh&agrave; h&atilde;ng Vernee cũng chuẩn bị ra mắt chiếc smartphone mang t&ecirc;n Mars với thiết kế ăng-ten v&ograve;ng cung tương tự như Meizu Pro 6 v&agrave; iPhone 7. H&atilde;y c&ugrave;ng chờ đ&oacute;n điều th&uacute; vị n&agrave;y nh&eacute;.</p>\r\n<p><img src="http://msmobile.com.vn/upload_images/images/5(50).png" alt="" /></p>\r\n<p>Th&ocirc;ng tin ch&iacute;nh thức từ trang c&ocirc;ng nghệ CNet cho biết Apple đang kỳ vọng bộ đ&ocirc;i iPhone mới sẽ tiếp tục ăn kh&aacute;ch bất chấp những dự đo&aacute;n ảm đạm của giới ph&acirc;n t&iacute;ch. H&atilde;ng dự kiến đặt h&agrave;ng tới 78 triệu chiếc iPhone t&iacute;nh đến hết năm 2016.</p>\r\n<p>V&agrave; nếu như bạn l&agrave; một trong số những kh&aacute;ch h&agrave;ng đ&oacute;, th&igrave; đừng qu&ecirc;n theo d&otilde;i những th&ocirc;ng tin tiếp theo sẽ được MSmobile cập nhật trong thời gian sớm nhất. Ch&uacute;c c&aacute;c bạn vui vẻ.</p>\r\n</div>', '/Uploads/images/tintuc/8(62).jpg', 1, '2016-08-30'),
(3, 8, 1, 'Cuối cùng thì iPhone 7 đã bị jailbreak hay chưa?', '<p>Một mớ th&ocirc;ng tin c&ograve;n đang m&ugrave; mờ v&agrave; chưa c&oacute; bằng chứng x&aacute;c thực 100%. Nhưng nếu li&ecirc;n kết với c&aacute;c sự việc c&oacute; thật kh&aacute;c ở tr&ecirc;n thị trường th&igrave; th&ocirc;ng tin về việc một <em>hacker 19 tuổi đ&atilde; <a class="Tinhte_XenTag_TagLink" title="" href="https://tinhte.vn/tags/jailbreak/">Jailbreak</a> th&agrave;nh c&ocirc;ng chiếc <a class="Tinhte_XenTag_TagLink" title="" href="https://tinhte.vn/tags/iphone-7/">iPhone 7</a></em> vẫn c&oacute; v&agrave;i phần đ&aacute;ng tin cậy. Hacker c&oacute; t&ecirc;n Luca Todesco đ&atilde; th&ocirc;ng b&aacute;o tr&ecirc;n Twitter (<em>@qwertyoruiop</em>) rằng anh đ&atilde; jailbreak th&agrave;nh c&ocirc;ng iPhone 7 chạy iOS 10. Tuy nhi&ecirc;n hiện tại anh chưa c&oacute; &yacute; định tung bản Jailbreak n&agrave;y ra c&ocirc;ng ch&uacute;ng. Anh cũng sẽ kh&ocirc;ng tiết lộ c&aacute;ch anh Jailbreak được cho tới khi Apple v&aacute; hết những lỗi m&agrave; anh đ&atilde; lợi dụng để Jailbreak.<br /><br />Điều đ&aacute;ng nhắc tới ở đ&acirc;y l&agrave; Apple đ&atilde; c&ocirc;ng bố chương tr&igrave;nh săn tiền thưởng với giải thưởng cao nhất l&agrave; 200.000 USD d&agrave;nh cho những ai ph&aacute;t hiện được lỗi hoặc lỗ hổng nghi&ecirc;m trọng trong c&aacute;c sản phẩm của họ. Tuy nhi&ecirc;n, theo lời của Ryan Duff, một nh&agrave; nghi&ecirc;n cứu <a class="Tinhte_XenTag_TagLink" title="" href="https://tinhte.vn/tags/bao-mat/">bảo mật</a> v&agrave; l&agrave; cựu th&agrave;nh vi&ecirc;n của tổ chức US Cyber Command (thuộc ch&iacute;nh phủ Hoa Kỳ) cho biết, trong qu&aacute; khứ từng c&oacute; th&ocirc;ng tin một bản Jailbreak iOS đ&atilde; được b&aacute;n lại với gi&aacute; tới 500.000 USD.</p>\r\n<div><br /><iframe src="https://www.youtube.com/embed/Ds7NBOcWJ88?wmode=opaque" width="800" height="450" frameborder="0" allowfullscreen="allowfullscreen" data-mce-fragment="1"></iframe></div>\r\n<p><br />Người d&ugrave;ng chỉ biết một chiếc iPhone đ&atilde; được Jailbreak khi đọc tin tức về n&oacute; hoặc được cung cấp bản Jailbreak để tự l&agrave;m. Nhưng từ trước đ&oacute;, c&oacute; khả năng một c&aacute; nh&acirc;n hoặc tổ chức b&iacute; mật jailbreak th&agrave;nh c&ocirc;ng chiếc m&aacute;y v&agrave; sử dụng n&oacute; v&agrave;o mục đ&iacute;ch ri&ecirc;ng. Chỉ l&agrave; do họ kh&ocirc;ng n&oacute;i ra n&ecirc;n chẳng ai biết. Tr&iacute;ch lời của Will Strafach, một nh&agrave; nghi&ecirc;n cứu về bảo mật của iOS. Will n&oacute;i rằng c&oacute; tin đồn về việc c&aacute;c nh&oacute;m hacker Trung Quốc cũng đ&atilde; Jailbreak th&agrave;nh c&ocirc;ng iPhone 7. Ch&agrave;ng hacker 19 tuổi kể tr&ecirc;n l&agrave; người đầu ti&ecirc;n tuy&ecirc;n bố Jailbreak nhưng kh&ocirc;ng đồng nghĩa với người đầu ti&ecirc;n Jailbreak được chiếc m&aacute;y đ&oacute;. Việc Jailbreak iOS mặc d&ugrave; đem lại rất nhiều lợi &iacute;ch về việc sử dụng m&aacute;y nhưng n&oacute; cũng l&agrave;m mất đi t&iacute;nh bảo mật cao của chiếc m&aacute;y đ&oacute;. N&oacute; gi&uacute;p cho c&aacute;c phần mềm độc hại c&oacute; thể dễ d&agrave;ng lấy cắp dữ liệu ở trong m&aacute;y hơn.<br /><br />Về phần hacker Luca Todesco, anh chưa quyết định c&oacute; cung cấp bản Jailbreak n&agrave;y cho Apple kh&ocirc;ng mặc d&ugrave; n&oacute; ho&agrave;n to&agrave;n hợp lệ với chương tr&igrave;nh săn tiền thưởng của h&atilde;ng. Luca n&oacute;i anh cần phải l&agrave;m cho bản Jailbreak n&agrave;y ngon l&agrave;nh hơn nữa bằng c&aacute;ch đơn giản h&oacute;a qu&aacute; tr&igrave;nh Jailbreak. V&iacute; dụ như Jailbreak qua tr&igrave;nh duyệt web giống như trang "<em>jailbreakme.com</em>" ng&agrave;y trước.<br /><br /></p>\r\n<div><img class="bbCodeImage LbImage" src="https://tinhte.vn/store/2016/09/3876462_iphone_7_cydia.png" alt="iphone 7 cydia.png" /></div>\r\n<p>&nbsp;</p>\r\n<div><strong><em>Theo <a class="externalLink" href="https://tinhte.vn/go-to/aHR0cDovL21vdGhlcmJvYXJkLnZpY2UuY29tL3JlYWQvaXBob25lLTctamFpbGJyZWFr" target="_blank">Vice</a>, <a class="externalLink" href="https://tinhte.vn/go-to/aHR0cHM6Ly90d2l0dGVyLmNvbS9xd2VydHlvcnVpb3B6L3N0YXR1cy83Nzg1MTkxMzMzMDI0Mjc2NDg=" target="_blank">Twitter</a></em></strong></div>', '/Uploads/images/tintuc/3876462_iphone_7_cydia.png', 1, '2016-09-24'),
(4, 11, 1, 'Samsung Galaxy A9 2 sim có bền và sử dụng ổn định không?', '<div class="summary">Samsung tiếp tục tung ra thị trường Galaxy A9 thiết kế thời trang, cấu h&igrave;nh tốt, hướng tới người d&ugrave;ng xem phim bom tấn, chơi game khủng tr&ecirc;n m&agrave;n h&igrave;nh lớn. C&oacute; nhiều kh&aacute;ch h&agrave;ng dự định mua Galaxy A9 tỏ ra băn khoăn, liệu A9 c&oacute; bền v&agrave; sử dụng ổn định kh&ocirc;ng? B&agrave;i viết dưới đ&acirc;y sẽ đưa ra c&aacute;i nh&igrave;n cận cảnh nhất về chiếc smartphone n&agrave;y cũng như giải đ&aacute;p mọi thắc mắc li&ecirc;n quan d&agrave;nh cho bạn. C&ugrave;ng tham khảo ngay nh&eacute;.</div>\r\n<div class="description clearfix">\r\n<p><img src="http://msmobile.com.vn/upload_images/images/maxresdefault(137).jpg" alt="" /></p>\r\n<p><strong>Những th&ocirc;ng số kỹ thuật ấn tượng m&agrave; Galaxy A9 sở hữu</strong></p>\r\n<p>Galaxy A9 l&agrave; phi&ecirc;n bản n&acirc;ng cấp của si&ecirc;u phẩm A7 c&oacute; nhiều cải tiến vượt trội hơn a em tiền nhiệm. Thiết kế lớn v&agrave; mỏng hơn, khung viền được chế tạo bằng hợp kim với những đường v&aacute;t g&oacute;c cạnh bo tr&ograve;n mền mại tạo cảm gi&aacute;c thoải m&aacute;i khi cầm nắm.&nbsp; Ngo&agrave;i ra A9 c&ograve;n được trang bị m&agrave;n h&igrave;nh Full HD, k&iacute;ch thước lớn l&ecirc;n đến 6 inch mật độ điểm ảnh của m&aacute;y chỉ đạt 367 ppi</p>\r\n<p><strong>Samsung Glaxy A9 c&oacute; bền v&agrave; sử dụng ổn định kh&ocirc;ng?</strong></p>\r\n<p><img src="http://msmobile.com.vn/upload_images/images/galaxya9_4-840x472.jpg" alt="" /></p>\r\n<p>A9 l&agrave; chiếc điện thoại hứa hẹn sẽ mang đến cho người d&ugrave;ng những trải nghiệm tuyệt vời nhất bởi bộ vi xử 8 nh&acirc;n&nbsp;Qualcomm Snapdragon 652&nbsp;(64-bit) tốc độ 1.8 GHz, GPU Adreno 510 kết hợp dung lượng 3 GB RAM.</p>\r\n<p>Việc n&agrave;y đảm bảo cho m&aacute;y c&oacute; thể g&aacute;nh v&aacute;c được m&agrave;n h&igrave;nh lớn v&agrave; xử l&yacute; mọi t&aacute;c vụ một c&aacute;c trơn tru, mượt m&agrave;, GPU Adreno 510 mang lại khả năng xử l&yacute; đồ hoạ rất tốt mang lại những trải nghiệm chơi game, xem phim tr&ecirc;n kh&ocirc;ng gian 6 inch Full HD một c&aacute;ch tuyệt vời, đ&aacute;p ứng tốt vai tr&ograve; của một cỗ m&aacute;y giải tr&iacute;.</p>\r\n<p><img src="http://msmobile.com.vn/upload_images/images/hinh1(2).jpg" alt="" /></p>\r\n<p><strong>Kết luận:&nbsp;</strong>Với những th&ocirc;ng số cấu h&igrave;nh m&agrave; Galaxy A9 sở hữu cũng như những đ&aacute;nh gi&aacute; kh&aacute;ch quan m&agrave; ch&uacute;ng t&ocirc;i chia sẻ ở tr&ecirc;n. C&oacute; thể n&oacute;i A9 l&agrave; chiếc điện thoại kh&aacute; bền v&agrave; d&ugrave;ng ổn định.</p>\r\n</div>', '/Uploads/images/tintuc/maxresdefault(137).jpg', 1, '2016-09-24'),
(5, 10, 1, 'Nên mua Galaxy Note 3 cũ hay Xiaomi Redmi Note 3 Pro?', '<div class="summary">Redmi Note 3 Pro nhỏ gọn hơn nhưng lợi thế m&agrave;n h&igrave;nh lớn c&ugrave;ng b&uacute;t Stylus của Note 3 lại ấn tượng hơn. Vậy, n&ecirc;n mua Galaxy Note 3 cũ hay Xiaomi Redmi Note 3 Pro đ&aacute;ng tiền hơn, v&agrave; chiếc smartphone Samsung n&agrave;o sẽ d&agrave;nh cho bạn?</div>\r\n<div class="description clearfix">\r\n<p>Cả Samsung Galaxy Note 3 cũ v&agrave; Xiaomi Redmi Note 3 Pro đều l&agrave; những sản phẩm chủ lực của 2 h&atilde;ng điện thoại h&agrave;ng đầu thế giới. Tầm gi&aacute; dưới 4 triệu đồng Galaxy Note 3 cũ hay Xiaomi Redmi Note 3 Pro c&oacute; sự ch&ecirc;nh lệch gi&aacute; kh&ocirc;ng đ&aacute;ng kể, song lại c&oacute; kha kh&aacute; điểm kh&aacute;c biệt. Redmi Note 3 Pro nhỏ gọn hơn nhưng lợi thế m&agrave;n h&igrave;nh lớn c&ugrave;ng b&uacute;t Stylus của Note 3 lại ấn tượng hơn. Vậy, n&ecirc;n mua Galaxy Note 3 cũ hay Xiaomi Redmi Note 3 Pro đ&aacute;ng tiền hơn, v&agrave; chiếc smartphone Samsung n&agrave;o sẽ d&agrave;nh cho bạn?</p>\r\n<p><img src="http://msmobile.com.vn/upload_images/images/nen-mua-Galaxy-Note-3-cu-hay-Xiaomi-Redmi-Note-3%20-Pro.JPG" alt="" /></p>\r\n<p>N&ecirc;n mua Galaxy Note 3 cũ hay Xiaomi Redmi Note 3 Pro</p>\r\n<p><img src="http://msmobile.com.vn/upload_images/images/nen-mua-Galaxy-Note-3-cu-hay-Xiaomi-Redmi-Note-3%20-Pro-1.JPG" alt="" /></p>\r\n<p><strong>Thiết kế</strong></p>\r\n<p>Xiaomi Redmi Note 3 Pro mang ưu thế thiết kế kim loại nguy&ecirc;n khối hiếm gặp ở c&aacute;c d&ograve;ng điện thoại gi&aacute; rẻ, chắc chắn v&agrave; sang trọng trong khi Samsung Galaxy Note 3 cũ lại thắng đậm khi sở hữu m&agrave;n h&igrave;nh rộng hơn v&agrave; thiết kế mỏng hơn.</p>\r\n<p>Sau loạt smartphone bị cho l&agrave; rẻ tiền do sử dụng vật liệu nhựa, so với c&aacute;c sản phẩm tiền nhiệm, Samsung Galaxy Note 3 cũ đ&atilde; l&agrave;m giả viền kim loại bao quanh m&aacute;y theo những đường dọc tinh xảo c&ugrave;ng bổ sung lớp giả da mềm ở mặt lưng khiến m&aacute;y tr&ocirc;ng giống như một cuốn sổ gấp lại rất th&acirc;n thiện. Thiết cũng đ&atilde; vu&ocirc;ng vắn, nam t&iacute;nh hơn với ba lựa chọn m&agrave;u sắc trắng, đen v&agrave; hồng. D&ugrave; c&oacute; k&iacute;ch thước m&agrave;n h&igrave;nh tới 5,7 inch nhưng m&aacute;y cũng chỉ mỏng 8,3mm v&agrave; nặng 167g.</p>\r\n<p>Về cơ bản, Xiaomi Redmi Note 3 Pro sở hữu phần vỏ từ kim loại nguy&ecirc;n khối kh&ocirc;ng thể th&aacute;o rời nắp lưng kh&aacute; chắc chắn, m&agrave;n h&igrave;nh 5.5 inch, bo tr&ograve;n ở c&aacute;c g&oacute;c v&agrave; bo tr&ograve;n mềm mại về mặt sau rất dễ cầm nhưng chưa thực sự hấp dẫn. V&agrave;, ch&uacute;ng ta cũng sẽ c&oacute; 3 phi&ecirc;n bản m&agrave;u sắc x&aacute;m, bạc v&agrave; v&agrave;ng champagne.</p>\r\n<p>M&agrave;n h&igrave;nh ở cả hai m&aacute;y đều cho khả năng hiển thị full HD, 1920x1080px.</p>\r\n<p><strong>Hiệu năng</strong></p>\r\n<p>Xiaomi Redmi Note 3 Pro sở hữu chipset Qualcomm S650 bộ xử l&yacute; 64-bit với 6 nh&acirc;n với 2 t&ugrave;y chọn bộ nhớ RAM 2GB hoặc RAM 3GB tương đương với bộ nhớ trong 16GB/32 GB. Bộ vi xử l&yacute; n&agrave;y đi k&egrave;m với GPU Adreno 510, hỗ trợ m&agrave;n h&igrave;nh full HD, hỗ trợ quay video 4K v&agrave; kết nối LTE Cat.7.</p>\r\n<p>Samsung Galaxy Note 3 cũ đ&atilde; d&ugrave;ng chip xử l&yacute; Qualcomm Snapdragon 800, 8 nh&acirc;n cao cấp Exynos 5420 với chỉ một lựa chọn RAM 3GB, bộ nhớ trong 32GB, mở rộng khe cắm thẻ microSD l&ecirc;n đến 64GB.</p>\r\n<p>C&oacute; rất nhiều b&agrave;i thử nghiệm đ&atilde; cho thấy một thực tế rất bất ngờ: Con chip Snapdragon 650 tr&ecirc;n Xiaomi Redmi Note 3 Pro d&ugrave; kh&ocirc;ng bằng mạnh bằng thế hệ ti&ecirc;n tiến nhất nhưng lại b&aacute;m rất s&aacute;t Samsung Galaxy Note 3 cũ về hiệu năng. Cả 2 thiết bị đều c&oacute; thể hoạt động cực k&igrave; tốt ngay cả khi chạy nhiều ứng dụng c&ugrave;ng một l&uacute;c hay chơi game y&ecirc;u cầu khả năng đồ hoạ nặng lẫn xem c&aacute;c bộ phim full HD.</p>\r\n<p><strong>Camera v&agrave; pin</strong></p>\r\n<p>Lại l&agrave; một điểm thắng nữa về th&ocirc;ng số khi Xiaomi Redmi Note 3 Pro sở hữu camera trước sau lần lượt l&agrave; 16MP/5MP cộng với h&agrave;ng loạt chế độ chụp th&ocirc;ng minh kh&aacute;c như bộ lọc fisheye v&agrave; Beauty hay Tilt-Shift đem lại kh&aacute;c biệt đ&aacute;ng kể về chi tiết cũng như khả năng chụp đ&ecirc;m.</p>\r\n<p>Camera của Samsung Galaxy Note 3 l&agrave; 13 megapixel v&agrave; chỉ c&oacute; 2 megapixel cho camera trước, c&ocirc;ng nghệ ổn định h&igrave;nh ảnh quang học cũng gi&uacute;p tăng cường chất lượng ảnh chụp trong điều kiện thiếu s&aacute;ng hay chụp c&aacute;c đối tượng di chuyển nhanh của thiết bị.</p>\r\n<p>Tuy nhi&ecirc;n, điểm đột ph&aacute; trong camera của chiếc Note 3 l&agrave; khả năng quay video 4K (tức gấp 4 lần khả năng Full HD th&ocirc;ng thường)</p>\r\n<p>C&aacute;c ưu điểm c&ograve;n lại l&agrave; vi&ecirc;n pin 4000mAh tr&ecirc;n Redmi Note 3 Pro gần như kh&ocirc;ng c&oacute; đối thủ trong ph&acirc;n kh&uacute;c gi&aacute;. Trong khi đ&oacute;, Galaxy Note 3 chỉ được trang bị pin 3,200mAh.</p>\r\n<p><strong>Gi&aacute;</strong></p>\r\n<p>Nhỉnh hơn chỉ khoảng 100 ng&agrave;n đồng về gi&aacute;, bạn c&oacute; thể mua Samsung Galaxy Note 3 cũ trong khoảng 3,4-3,8 triệu đồng cho phi&ecirc;n bản RAM 3GB x&aacute;ch tay H&agrave;n Quốc, Nhật, Mỹ kh&aacute;c nhau. Hoặc, cơ hội sở hữu Xiaomi Redmi Note 3 Pro 3,1-3,7 triệu đồng 2 phi&ecirc;n bản 16GB/32GB bộ nhớ trong.</p>\r\n<p>Nếu bạn th&iacute;ch một chiếc điện thoại gi&aacute; rẻ thiết kế kim loại chắc chắn, camera đỉnh c&ugrave;ng với lượng pin khủng th&igrave; c&oacute; thể chọn Xiaomi Redmi Note 3 Pro nhưng nếu bạn ưng Samsung Galaxy Note 3 cũ bởi cầu h&igrave;nh mạnh mẹ, thiết kế lạ mắt kh&aacute; thời trang c&ugrave;ng với một m&agrave;n h&igrave;nh lớn vượt trội th&igrave; chỉ đắt hơn v&agrave;i trăm ng&agrave;n bạn đ&atilde; c&oacute; thể sở hữu chiếc smartphone của nh&agrave; Samsung rồi !</p>\r\n</div>', '/Uploads/images/tintuc/nen-mua-Galaxy-Note-3-cu-hay-Xiaomi-Redmi-Note-3%20-Pro.JPG', 1, '2016-09-24'),
(6, 10, 1, 'Lưu ý khi mua Samsung Galaxy Note 3 cũ', '<div class="summary">Nếu bạn đang c&oacute; nhu cầu mua một chiếc Note 3 cũ, những Lưu &yacute; khi mua Samsung Galaxy Note 3 cũ sẽ gi&uacute;p bạn c&oacute; quyết định tốt nhất.</div>\r\n<div class="description clearfix">\r\n<p>Nhu cầu mua Samsung Note 3 Cũ ch&iacute;nh h&atilde;ng hiện đang tăng cao nhưng lo ngại về hiện tượng m&aacute;y kh&ocirc;ng nguy&ecirc;n bản, thậm ch&iacute; linh kiện b&ecirc;n trong bị th&aacute;o v&agrave; thay l&agrave;m dấy l&ecirc;n kh&ocirc;ng &iacute;t những nghi ngờ xung quanh chất lượng của h&agrave;ng cũ. Nếu bạn đang c&oacute; nhu cầu mua một chiếc Note 3 cũ, những Lưu &yacute; khi mua Samsung Galaxy Note 3 cũ sẽ gi&uacute;p bạn c&oacute; quyết định tốt nhất.</p>\r\n<p>Điện thoại Samsung Galaxy Note 3 cũ, mới 99% nổi bật hơn so với những loại smartphone cũ với cam kết h&agrave;ng mới zin 99% kh&aacute;c. Mức gi&aacute; rẻ bất ngờ so với những trang bị m&agrave; Galaxy Note 3 cũ sở hữu như: m&agrave;n h&igrave;nh 5.7 inch, vi xử l&yacute; snapdragon 800, phi&ecirc;n bản RAM 3GB v&agrave; bộ nhớ trong 64GB đ&aacute;p ứng được hầu hết c&aacute;c nhu cầu phục vụ c&ocirc;ng việc, học tập hay giải tr&iacute; đa phương tiện.</p>\r\n<p><img src="http://msmobile.com.vn/upload_images/images/luu-y-khi-mua-Samsung-Galaxy-Note-3-cu.jpg" alt="" /></p>\r\n<p>Vậy, l&agrave;m sao để chọn được một chiếc Samsung Galaxy Note 3 cũ tốt nhất?</p>\r\n<p><strong>Đ&aacute;nh gi&aacute; vẻ ngo&agrave;i</strong></p>\r\n<p>Tuy l&agrave; m&aacute;y đ&atilde; qua sử dụng nhưng th&ocirc;ng thường c&aacute;c sản phẩm Galaxy Note 3 cũ b&aacute;n ra đều được cam kết m&aacute;y mới đến 98-99%, do đ&oacute;, cũng cần coi x&eacute;t c&aacute;c chi tiết gi&uacute;p bạn nhận biết đầu ti&ecirc;n, đ&oacute; l&agrave; vẻ ngo&agrave;i. M&aacute;y c&oacute; bị trầy xướt v&agrave; m&oacute;p m&eacute;o kh&ocirc;ng? C&aacute;c m&aacute;y c&oacute; hiện tượng m&oacute;p m&eacute;o th&igrave; c&aacute;c bạn kh&ocirc;ng n&ecirc;n mua bởi c&oacute; thể c&aacute;c ảnh hưởng lực từ b&ecirc;n ngo&agrave;i sẽ t&aacute;c động tới chức năng của m&aacute;y. Bạn kh&ocirc;ng thể biết rằng n&oacute; c&oacute; thể hỏng h&oacute;c bất cứ l&uacute;c n&agrave;o.</p>\r\n<p>Lưu &yacute; quan trọng tiếp theo l&agrave; m&agrave;n h&igrave;nh, bạn n&ecirc;n r&agrave; so&aacute;t kỹ m&agrave;n h&igrave;nh để ph&aacute;t hiện c&aacute;c vết nứt c&oacute; thể sẽ l&agrave;m giảm khả năng trải nghiệm của bạn tr&ecirc;n mẫu smartphone 5.7 inch n&agrave;y.</p>\r\n<p>Ngo&agrave;i ra, điểm đ&aacute;ng ch&uacute; &yacute; kh&aacute;c c&oacute; thể căn cứ v&agrave;o độ an to&agrave;n của &ldquo;Ốc&rdquo; tr&ecirc;n th&acirc;n m&aacute;y, ko thiếu, kh&ocirc;ng trầy xước. Khe lục gi&aacute;c phải c&ograve;n nguy&ecirc;n, kh&ocirc;ng bị biến dạng hoặc bị m&ograve;n do c&oacute; t&iacute;n hiệu th&aacute;o gỡ ốc kh&ocirc;ng ch&iacute;nh h&atilde;ng.</p>\r\n<p><strong>Gi&aacute;m định c&aacute;c chức năng</strong></p>\r\n<p>1/ Tiến h&agrave;nh r&agrave; so&aacute;t, thử chạy những chức năng cơ bản như nghe, gọi, nhắn tin để kiểm tra khả năng hoạt động của loa v&agrave; mic c&oacute; đảm bảo hay kh&ocirc;ng.</p>\r\n<p>2/ Kiểm tra cảm biến con quay bằng &aacute;p dụng la b&agrave;n.</p>\r\n<p>3/ Thực hiện test độ rung c&ugrave;ng những chức năng cơ bản kh&aacute;c như nghe nhạc, xem video hay khả năng chụp h&igrave;nh của camera.</p>\r\n<p>4/ Kiểm tra cấu h&igrave;nh</p>\r\n<p>Sở hữu cấu h&igrave;nh kh&aacute; khủng với c&aacute;c th&ocirc;ng số kh&ocirc;ng tưởng. Samsung Note 3 rất c&oacute; thể sẽ bị tr&aacute;o đổi linh kiện kh&ocirc;ng đảm bảo. Để kiểm tra cấu h&igrave;nh Samsung Note 3 Cũ, bạn c&oacute; thể xem khả năng hoạt động của chipset, RAM v&agrave; bộ vi xử l&yacute; bằng c&aacute;ch kiểm tra imei tr&ecirc;n m&aacute;y.</p>\r\n<p>PIN tr&ecirc;n Galaxy Note 3 cũ 99 phải đảm bảo ko sưng ph&ugrave; hay m&oacute;p m&eacute;o, đặc biệt, c&aacute;c đầu tiếp gi&aacute;p của PIN n&ecirc;n c&oacute; vết trầy xước v&agrave; vẫn c&ograve;n nh&igrave;n thấy được c&aacute;c th&ocirc;ng số ch&iacute;nh h&atilde;ng đầy đủ. Nếu kh&ocirc;ng như vậy, Pin sử dụng c&oacute; thể bị l&agrave;m giả hoặc đ&aacute;nh tr&aacute;o, kh&ocirc;ng tốt cho khả năng hoạt động chung của m&aacute;y.</p>\r\n<p><strong>Mua Samsung Note 3 cũ 99% tại địa chỉ ph&acirc;n phối ch&iacute;nh h&atilde;ng</strong></p>\r\n<p>Samsung Galaxy Note 3 cũ 99% n&ecirc;n được mua tại c&aacute;c cơ sở ph&acirc;n phối ch&iacute;nh h&atilde;ng như MSmobile để được đảm bảo chất lượng từ nguồn gốc x&aacute;ch tay cho đến việc kiểm tra, r&agrave; so&aacute;t khả năng hoạt động.</p>\r\n<p>Hơn thế, khi mua h&agrave;ng tại những địa chỉ ph&acirc;n phối ch&iacute;nh h&atilde;ng n&agrave;y, bạn sẽ c&oacute; cam kết Bảo h&agrave;nh d&agrave;i hạn c&ugrave;ng những ưu đ&atilde;i lớn.</p>\r\n</div>', '/Uploads/images/tintuc/luu-y-khi-mua-Samsung-Galaxy-Note-3-cu.jpg', 1, '2016-09-24'),
(7, 9, 1, 'iPhone 7 đã được jailbreak thành công', '<div class="summary">Kh&ocirc;ng l&acirc;u sau v&agrave;i ng&agrave;y ra mắt iphone 7 v&agrave; 7plus hai sản phẩm của Apple đ&atilde; được Jailbreak th&agrave;nh c&ocirc;ng v&agrave; c&oacute; thể c&agrave;i ứng dụng Cydia</div>\r\n<div class="description clearfix">\r\n<p><img src="http://msmobile.com.vn/upload_images/images/90.jpg" alt="" /></p>\r\n<p>Kh&ocirc;ng l&acirc;u sau v&agrave;i ng&agrave;y ra mắt iphone 7 v&agrave; 7plus hai sản phẩm của Apple đ&atilde; được Jailbreak th&agrave;nh c&ocirc;ng v&agrave; c&oacute; thể c&agrave;i ứng dụng Cydia. Tuy nhi&ecirc;n đ&aacute;ng buồn l&agrave; người sở hữu c&ocirc;ng cụ Jailbreak n&agrave;y chỉ sử dụng n&oacute; cho c&aacute;c mục đ&iacute;ch c&aacute; nh&acirc;n chứ kh&ocirc;ng cho c&ocirc;ng khai đến mọi người.<br /><br /><strong>+ Sản phẩm đề xuất: <a href="http://msmobile.com.vn/dien-thoai/iphone-6-cu-quoc-te-99-p1195.html">iPhone 6 cũ</a></strong></p>\r\n<p>Nh&agrave; nghi&ecirc;n cứu bảo mật Luca Tedesco đ&atilde; đăng tải h&igrave;nh ảnh jailbreak l&ecirc;n d&ograve;ng thời gian twiter của m&igrave;nh một h&igrave;nh ảnh iphone 7 chạy ios 10.0.1 c&agrave;i đặt Cydia 1.1.26. Tuy nhi&ecirc;n nh&agrave; ph&aacute;t triển đ&atilde; kh&ocirc;ng chia sẻ phương ph&aacute;p m&agrave; &ocirc;ng đ&atilde; jailbreak cho thiết bị của m&igrave;nh như thế n&agrave;o. Qu&aacute; tr&igrave;nh jailbreak iphone 7 được thực hiện khi Luca Tedesco đang nghi&ecirc;n cứu bảo mật cho một dự &aacute;n c&aacute; nh&acirc;n.</p>\r\n<p><img src="http://msmobile.com.vn/upload_images/images/99(3).jpg" alt="" /></p>\r\n<p>Như vậy cộng đồng lập tr&igrave;nh v&agrave; người sử dụng sẽ phải chờ đợi l&acirc;u hơn để t&igrave;m ra c&aacute;ch jailbreak <a href="http://msmobile.com.vn/tim-kiem/iPhone.html">iPhone</a> 7 nhưng c&oacute; lẽ khoảng thời gian đ&oacute; cũng kh&ocirc;ng qu&aacute; d&agrave;i để c&oacute; thể t&igrave;m ra c&aacute;ch bẻ kh&oacute;a sản phẩm n&agrave;y v&agrave; bạn c&oacute; thể thoải m&aacute;i c&agrave;i ứng dụng ngo&agrave;i App Store, thay đổi c&aacute;c chi tiết phần mềm, t&ugrave;y biến giao diện,&hellip; tương tự như root tr&ecirc;n Android.</p>\r\n</div>', '/Uploads/images/tintuc/90.jpg', 1, '2016-09-25'),
(8, 10, 1, 'Tầm giá hơn 3 triệu nên mua Galaxy Note 3 cũ hay iPhone 5 cũ ?', '<div class="summary">Tầm gi&aacute; hơn 3 triệu đồng hiện tại c&oacute; kh&aacute; nhiều lựa chọn smartphone, trong đ&oacute; Galaxy Note 3 cũ v&agrave; iPhone 5 cũ l&agrave; hai c&aacute;i t&ecirc;n dễ lựa nhất. Samsung Galaxy Note 3 cũ tận dụng được ưu thế vượt trội về cấu h&igrave;nh v&agrave; phần cứng, trong khi iPhone 5 cũ lại được đ&aacute;nh gi&aacute; cao hơn về mặt thiết kế c&ugrave;ng với c&ocirc;ng nghệ được t&iacute;ch hợp.</div>\r\n<div class="description clearfix">\r\n<div><img src="http://msmobile.com.vn/upload_images/images/apple-iphone-5-cu-vs-samsung-galaxy-note-3-cu(1).jpg" alt="" />&nbsp; &nbsp; &nbsp; &nbsp; &nbsp; &nbsp; &nbsp; &nbsp; &nbsp; &nbsp; &nbsp; &nbsp; &nbsp; &nbsp; &nbsp; &nbsp; &nbsp; &nbsp; &nbsp; &nbsp; &nbsp; &nbsp; &nbsp; &nbsp; &nbsp; &nbsp; &nbsp; &nbsp; &nbsp; &nbsp; &nbsp; &nbsp; &nbsp; &nbsp; &nbsp; &nbsp; &nbsp; &nbsp; &nbsp; &nbsp; &nbsp; &nbsp; &nbsp; &nbsp; &nbsp; &nbsp; &nbsp; &nbsp; &nbsp; &nbsp; &nbsp; &nbsp; &nbsp; &nbsp; &nbsp; &nbsp; &nbsp; &nbsp; &nbsp; &nbsp; &nbsp; &nbsp; &nbsp; &nbsp; &nbsp; &nbsp; &nbsp; &nbsp; &nbsp; &nbsp; &nbsp; &nbsp; &nbsp; &nbsp; &nbsp; &nbsp; &nbsp; &nbsp; &nbsp; &nbsp; &nbsp; &nbsp; &nbsp; &nbsp; &nbsp; &nbsp; &nbsp; &nbsp; &nbsp; &nbsp; &nbsp; &nbsp;&nbsp;</div>\r\n<div>Liệu sản phẩm n&agrave;o sẽ l&agrave; lựa chọn tối ưu hơn?<br /><strong>So s&aacute;nh tổng quan</strong><br />Như đ&atilde; n&oacute;i, thiết kế lu&ocirc;n l&agrave; một lợi thế của iPhone m&agrave; đặc biệt l&agrave; iPhone 5, chiếc smartphone cải tiến mạnh mẽ v&agrave; ấn tượng nhất nh&agrave; T&aacute;o khuyết.<br />Thời điểm mới ra mắt, c&aacute;c nh&agrave; thiết kế của Apple đ&atilde; khẳng định đ&acirc;y l&agrave; chiếc điện thoại nguy&ecirc;n khối mỏng nhất m&agrave; họ từng l&agrave;m, iPhone 5 sở hữu độ mỏng chỉ 7.6 mm v&agrave; trọng lượng c&ograve;n chưa tới 112g. Nếu đem ra so s&aacute;nh với c&aacute;c smartphone hiện nay th&igrave; iPhone 5 thực sự l&agrave; một trong những chiếc điện thoại mỏng v&agrave; nhẹ nhất. Biểu tượng của sự s&aacute;ng tạo trong thiết kế smartphone.<br />Ch&iacute;nh thiết kế nguy&ecirc;n khối đem đến cho iPhone 5 d&aacute;ng vẻ ho&agrave;n to&agrave;n kh&aacute;c so với c&aacute;c phi&ecirc;n bản trước đ&oacute; v&agrave; đ&aacute;nh dấu mốc l&agrave;m n&ecirc;n đặc trưng thiết kế của c&aacute;c d&ograve;ng iPhone m&atilde;i sau n&agrave;y. Sở hữu một vẻ ngo&agrave;i rất tinh tế v&agrave; sang trọng, cảm gi&aacute;c cầm iPhone 5 tr&ecirc;n tay rất tuyệt vời.<br />Cho n&ecirc;n, nh&igrave;n sơ qua th&igrave; người ta c&oacute; cảm gi&aacute;c iPhone 5 cũng sẽ đ&aacute;nh bại Note 3 ở mặt thiết kế.<br />Tuy vậy, phần khung m&aacute;y l&agrave;m từ chất liệu nh&ocirc;m Aluminum của iPhone 5 c&oacute; vẻ kh&ocirc;ng được chắc chắn lắm. Trong khi đ&oacute;, Note 3 vững chắc v&agrave; thanh lịch hơn với chất liệu nhựa giả da.<br /><strong>K&iacute;ch thước</strong><br />Khi m&agrave; xu hướng m&agrave;n h&igrave;nh lớn l&ecirc;n ng&ocirc;i th&igrave; Samsung Galaxy Note 3 được dự đo&aacute;n l&agrave; sẽ ăn đứt iPhone 5. Note 3 c&oacute; k&iacute;ch thước 151mmx 79mm x 8.3 mm với trọng lượng 168g, cảm gi&aacute;c khi cầm kh&ocirc;ng được đầm tay v&agrave; kh&aacute; hụt hẫng, đặc biệt l&agrave; ấn tượng về một m&agrave;n h&igrave;nh lớn đến 5,7 inch.<br />Samsung Galaxy Note 3 cũ c&oacute; vẻ hơi k&eacute;n người d&ugrave;ng v&agrave; dường như rất bất tiện khi phải di chuyển nhiều. C&ograve;n iPhone 5, với thiết kế nhỏ hơn sẽ tiện di chuyển hơn.<br /><strong>M&agrave;u sắc</strong><br />Cả iPhone 5 v&agrave; Note 3 đều đem lại c&aacute;c sự lựa chọn m&agrave;u sắc cho người d&ugrave;ng. iPhone 5 m&agrave;u x&aacute;m ghi, m&agrave;u trắng bạc, c&ograve;n Samsung th&igrave; c&oacute; đến 3 m&agrave;u đen, trắng v&agrave; m&agrave;u hồng. Với thiết kế vỏ nh&ocirc;m th&igrave; m&agrave;u sắc của iPhone 5 mang n&eacute;t thanh lịch s&aacute;ng v&agrave; tươi hơn Note 3 với m&agrave;u sắc kh&aacute; đằm (trừ m&agrave;u hồng rất ph&ugrave; hợp cho nữ) ph&ugrave; hợp với những người c&oacute; t&iacute;nh c&aacute;ch điềm đạm, lịch thiệp.<br /><strong>M&agrave;n h&igrave;nh</strong><br />Nh&igrave;n v&agrave;o th&ocirc;ng số độ ph&acirc;n giải v&agrave; mật độ điểm ảnh, Samsung Galaxy Note 3 sẽ sở hữu m&agrave;n h&igrave;nh hiển thị sắc n&eacute;t hơn iPhone 5. M&agrave;n h&igrave;nh iPhone 5 c&oacute; độ ph&acirc;n giải 1136 x 640 pixels, cho mật độ điểm ảnh 326 pi. Samsung Galaxy Note 3 sở hữu m&agrave;n h&igrave;nh ph&acirc;n giải 1920 x 1080 pixels v&agrave; 388 pi mật độ điểm ảnh. Cả hai đều c&oacute; tỷ lệ m&agrave;n h&igrave;nh l&agrave; 16:9 chuẩn m&agrave;n ảnh rộng.<br /><strong>B&uacute;t cảm ứng</strong><br />Kh&ocirc;ng như iPhone 5, Galaxy Note 3 đi k&egrave;m một phụ kiện kh&ocirc;ng thể thiếu l&agrave; c&acirc;y b&uacute;t cảm ứng S-Pen Air Command (lệnh kh&ocirc;ng chạm) với c&aacute;c chức năng PenWindow, Scrapbook, S Finder khiến note 3 giống như một cuốn sổ ghi ch&eacute;p tuyệt vời. Khả năng tối ưu h&oacute;a việc ghi ch&eacute;p v&agrave; hỗ trợ lưu &yacute; c&aacute;c c&ocirc;ng việc thường ng&agrave;y như nhận diện chữ viết tay, note bằng c&aacute;ch đ&aacute;nh dấu v&agrave; t&ocirc; đậm những nội dung cần ch&uacute; &yacute; đ&atilde; khiến t&iacute;n đồ c&ocirc;ng nghệ m&ecirc; mẩn, đặc biệt l&agrave; giới doanh nh&acirc;n.<br /><strong>C&ocirc;ng nghệ nhận diện dấu v&acirc;n tay</strong><br />Chức năng bảo mật bằng c&ocirc;ng nghệ sinh học kh&ocirc;ng c&ograve;n l&agrave; kh&aacute;i niệm n&agrave;o mới, nhưng việc Apple t&iacute;ch hợp một m&aacute;y qu&eacute;t dấu v&acirc;n tay, c&aacute; nh&acirc;n h&oacute;a hơn trong khả năng bảo mật của iPhone 5 đ&atilde; thực sự l&agrave; một cuộc c&aacute;ch mạng trong việc sản xuất smartphone. Với chức năng Touch ID n&agrave;y, người d&ugrave;ng giờ đ&acirc;y c&oacute; th&ecirc;m một c&aacute;ch đơn giản để bảo vệ thiết bị smartphone của m&igrave;nh.<br /><strong>Camera Galaxy Note 3 v&agrave; iPhone 5</strong><br />iPhone 5 tuy chỉ c&oacute; camera ch&iacute;nh ph&acirc;n giải 8 megapixel, so với 13 megapixel của Galaxy Note 3 c&oacute; vẻ ch&ecirc;nh lệch kh&aacute; lớn về mặt th&ocirc;ng số. Tuy nhi&ecirc;n, Apple đ&atilde; minh chứng h&ugrave;ng hồn cho lời hứa: th&ocirc;ng số kh&ocirc;ng quyết định chất lượng ảnh chụp tr&ecirc;n iPhone 5.<br />V&agrave;, thực tế cũng cho thấy khả năng lưu ảnh đẹp của iPhone 5 c&oacute; thể so s&aacute;nh ngang ngửa, thậm ch&iacute; c&ograve;n tốt hơn Galaxy Note 3 trong một số trường hợp. Chức năng TrueTone tr&ecirc;n iPhone 5S c&oacute; thể tự động căn chỉnh độ s&aacute;ng của đ&egrave;n flash ph&ugrave; hợp với độ s&aacute;ng của m&ocirc;i trường chụp ảnh. Điểm n&agrave;y th&igrave; ăn đứt Note 3 rồi !<br />Cả hai đều c&oacute; camera phụ ph&iacute;a trước. Đối với iPhone 5, độ ph&acirc;n giải của camera trước l&agrave; 1.2 MP, c&ograve;n Note 3 l&agrave; 2 MP.<br /><strong>RAM</strong><br />Với dung lượng RAM 3GB, Samsung Galaxy Note 3 cũ ho&agrave;n to&agrave;n &aacute;p đảo về mặt n&agrave;y so với iPhone 5, khi m&agrave; Apple chỉ cho thiết bị n&agrave;y bộ nhớ RAM 1GB.<br />Note 3 chỉ b&aacute;n c&oacute; 1 phi&ecirc;n bản dung lượng 32 GB bộ nhớ trong c&oacute; thể mở rộng thẻ nhớ ngo&agrave;i 64 GB. Trong khi đ&oacute;, dung lượng bộ nhớ trong của iPhone 5 từng phi&ecirc;n bản ri&ecirc;ng lẻ 16 GB, 32 GB v&agrave; 64 GB.<br /><strong>Thời lượng Pin</strong><br />Nh&igrave;n v&agrave;o th&ocirc;ng số, chắc chắn dung lượng pin của Note 3 r&otilde; r&agrave;ng cao hơn iPhone 5. Tuy nhi&ecirc;n, khả năng sử dụng thời lượng pin c&ograve;n phụ thuộc v&agrave;o nhiều yếu tố kh&aacute;c nữa.<br /><strong>T&iacute;ch hợp kết nối với Smartwatch</strong><br />Smartwatch Galaxy Gear l&agrave; thế hệ đồng hồ th&ocirc;ng minh chiến lược sớm đi trước của Samsung so với Apple như một bộ đ&ocirc;i ăn &yacute;. Được diễn tả như một trợ thủ đắc lực kh&ocirc;ng thể thiếu của Galaxy Note 3, người d&ugrave;ng c&oacute; thể kiểm tra tin nhắn, email, thậm ch&iacute; nghe gọi điện thoại với Galaxy Gear.<br /><strong>Gi&aacute; b&aacute;n</strong><br />Tại thị trường Việt Nam, Galaxy Note 3 cũ hiện c&oacute; gi&aacute; 3.450.000đ, c&ograve;n iPhone 5 cũ th&igrave; gi&aacute; b&aacute;n kh&ocirc;ng được ổn định lắm, dao động trong khoảng 3,1 &ndash; 3,7 triệu đồng. Sự ch&ecirc;nh lệch về gi&aacute; giữa c&aacute;c m&agrave;u cũng đang c&oacute; xu hướng thu hẹp dần.<br /><strong>iPhone 5 cũ sang trọng, s&aacute;ng tạo của Apple hay Samsung Galaxy Note 3 cũ lịch l&atilde;m, đẳng cấp của Samsung? Bạn chọn m&aacute;y n&agrave;o?</strong><br />Để mua Samsung Galaxy Note 3 hay iPhone 5 ch&iacute;nh h&atilde;ng c&aacute;c bạn c&oacute; thể tham khảo tại hệ thống di động MSmobile với mức gi&aacute; ưu đ&atilde;i. C&aacute;c bạn cũng c&oacute; thể mua h&agrave;ng với h&igrave;nh thức trả g&oacute;p l&atilde;i suất thấp b&ecirc;n cạnh việc hưởng thụ những dịch vụ uy t&iacute;n, chất lượng.</div>\r\n</div>', '/Uploads/images/tintuc/apple-iphone-5-cu-vs-samsung-galaxy-note-3-cu(1).jpg', 1, '2016-09-25'),
(9, 9, 1, 'Bùng nổ trước cấu hình khủng Snapdragon 821, RAM 6 GB Xiaomi Mi 5s', '<div class="summary">C&aacute;c bạn mong chờ điều g&igrave; ở một si&ecirc;u phẩm đẳng cấp như Xiaomi Mi 5s, một thiết kế đẹp, hay một cấu h&igrave;nh khủng chưa từng c&oacute;? Tin vui cho bạn l&agrave; tất cả những g&igrave; bạn c&oacute; thể nghĩ đến v&agrave; c&ograve;n hơn thế nữa tất cả sẽ xuất hiện tr&ecirc;n Xiaomi Mi 5s với chip Snapdragon 821, RAM 6 GB. H&atilde;y c&ugrave;ng chờ đ&oacute;n nh&eacute;.</div>\r\n<div class="description clearfix">\r\n<p><img src="http://msmobile.com.vn/upload_images/images/55(19).jpg" alt="" /></p>\r\n<p>Xiaomi Mi 5s từng rỏ rỉ cho biết đ&acirc;y sẽ l&agrave; bản n&acirc;ng cấp về cấu h&igrave;nh cũng như t&iacute;nh năng của chiếc flagship Mi 5, v&agrave; cho đến thời điểm hiện tại, th&ocirc;ng số kĩ thuật của n&oacute; đ&atilde; ch&iacute;nh thức lộ diện.</p>\r\n<p>Nh&agrave; Xiaomi đ&atilde; l&ecirc;n tiếng về một m&agrave;n h&igrave;nh 5.15 inch c&ugrave;ng c&ocirc;ng nghệ Force Touch v&agrave; bộ vi xử l&yacute; Snapdragon 821 l&otilde;i tứ xung nhịp 2.4 GHz, RAM LPDDR4 được trang bị tr&ecirc;n Xiaomi Mi 5s. Đồng thời, họ cũng ch&iacute;nh thức x&aacute;c nhận dung lượng bộ nhớ RAM của si&ecirc;u phẩm n&agrave;y l&ecirc;n tới con số kh&ocirc;ng ngờ tới với một si&ecirc;u phẩm tầm trung 6 GB k&egrave;m bộ nhớ trong đến 256 GB.</p>\r\n<p><img src="http://msmobile.com.vn/upload_images/images/54(16).jpg" alt="" /></p>\r\n<p>Chưa hết, Xiaomi Mi 5s c&ograve;n sở hữu bộ đ&ocirc;i camera chuy&ecirc;n nghiệp kh&ocirc;ng thua k&eacute;m bất cứ t&ecirc;n tuổi n&agrave;o với camera ch&iacute;nh 16 MP khẩu độ f/1.8 với c&ocirc;ng nghệ ổn định h&igrave;nh ảnh quang học 4 trục.</p>\r\n<p>V&agrave; điều hấp dẫn thu h&uacute;t tiếp theo m&agrave; Xiaomi Mi 5s mang đến người d&ugrave;ng l&agrave; một vi&ecirc;n pin 3.490 mAh với c&ocirc;ng nghệ sạc nhanh Quick Charge 3.0, cổng USB Type-C, NFC c&ugrave;ng m&aacute;y qu&eacute;t v&acirc;n tay bằng s&oacute;ng si&ecirc;u &acirc;m.</p>\r\n<p><img src="http://msmobile.com.vn/upload_images/images/56.png" alt="" /></p>\r\n<p>Tất cả sẽ c&oacute; tr&ecirc;n Xiaomi Mi 5s với số đo si&ecirc;u mỏng chỉ 7.25 mm.</p>\r\n<p>H&atilde;y nhanh ch&oacute;ng li&ecirc;n hệ với MSmobile đặt gạch v&agrave; rinh ngay em Xiaomi Mi 5s n&agrave;y về nh&eacute;.</p>\r\n<p>MSmobile h&acirc;n hạnh được phục vụ</p>\r\n</div>', '/Uploads/images/tintuc/55(19).jpg', 1, '2016-09-25'),
(10, 9, 1, 'Thông số và cấu hình chính thức của iPhone 7 Plus', '<div class="summary">Cuối c&ugrave;ng, Apple đ&atilde; ch&iacute;nh thức ra mắt iPhone 7 Plus c&ugrave;ng người anh em song sinh iPhone 7 đồng thời v&eacute;n m&agrave;n giới thiệu ch&iacute;nh thức về th&ocirc;ng số v&agrave; cấu h&igrave;nh với hai camera ph&iacute;a sau.</div>\r\n<div class="description clearfix">\r\n<p><img src="http://msmobile.com.vn/upload_images/images/thong-so-va-cau-hinh-chinh-thuc-cua-iPhone-7-Plus8.jpg" alt="" /></p>\r\n<p><strong>Thiết kế</strong></p>\r\n<p>Tổng thể thiết kế của iPhone 7 Plus vẫn kh&aacute; giống với thế hệ cũ 6/6s song cũng c&oacute; một thay đổi dễ nhận thấy. Thay đổi đ&aacute;ng kể nhất l&agrave; sự xuất hiện của phi&ecirc;n bản sử dụng chất liệu k&iacute;nh mặt lưng với 5 lựa chọn m&agrave;u sắc: đen b&oacute;ng, đen nh&aacute;m, bạc, v&agrave;ng v&agrave; v&agrave;ng hồng độc đ&aacute;o. Ri&ecirc;ng phi&ecirc;n bản đen b&oacute;ng sử dụng thiết kế mặt lưng k&iacute;nh v&agrave; th&acirc;n nh&ocirc;m, c&aacute;c bản m&agrave;u kh&aacute;c vẫn duy tr&igrave; thiết kế th&acirc;n nh&ocirc;m nguy&ecirc;n khối như trước. Vạch nhựa ăng ten được đưa l&ecirc;n m&eacute;p tr&ecirc;n v&agrave; dưới ở mặt lưng khiến sản phẩm tr&ocirc;ng tho&aacute;ng đạt, đẹp tinh tế.</p>\r\n<p><img src="http://msmobile.com.vn/upload_images/images/thong-so-va-cau-hinh-chinh-thuc-cua-iPhone-7-Plus-1(1).jpg" alt="" /></p>\r\n<p>Apple cuối c&ugrave;ng đ&atilde; loại bỏ n&uacute;t Home cơ truyền thống để trở th&agrave;nh n&uacute;t cảm ứng dạng 3D Touch với trang bị hệ thống cảm ứng lực Haptic Engine mới nhạy hơn.</p>\r\n<p><img src="http://msmobile.com.vn/upload_images/images/thong-so-va-cau-hinh-chinh-thuc-cua-iPhone-7-Plus-11.jpg" alt="" /></p>\r\n<p>Một trong những chi tiết từng được đồn đo&aacute;n l&agrave; sự ra đi của giắc &acirc;m thanh 3.5mm đ&atilde; th&agrave;nh sự thật, thay v&agrave;o đ&oacute; Apple trang bị cho người d&ugrave;ng tai nghe EarPods mới cắm qua cổng Lightning c&ugrave;ng bộ chuyển đổi 3.5 sang Lightning trong hộp m&aacute;y để sử dụng c&aacute;c tai nghe cũ. Tai nghe kh&ocirc;ng d&acirc;y AirPods sẽ kh&ocirc;ng được tặng k&egrave;m theo m&aacute;y m&agrave; b&aacute;n rời với gi&aacute; 159 USD.</p>\r\n<p>iPhone 7 Plus cũng được trang bị loa k&eacute;p stereo ở phần tr&ecirc;n v&agrave; dưới điện thoại, hứa hẹn mức &acirc;m lượng lớn hơn gấp đ&ocirc;i thế hệ cũ.&nbsp;iPhone 7 Plus cũng được hỗ trợ khả năng chống nước với chuẩn IP67, cho ph&eacute;p ng&acirc;m dưới nước 30 ph&uacute;t ở độ s&acirc;u 1 m&eacute;t v&agrave; cũng kh&ocirc;ng phải lo về bụi bẩn.</p>\r\n<p><img src="http://msmobile.com.vn/upload_images/images/thong-so-va-cau-hinh-chinh-thuc-cua-iPhone-7-Plus9.jpg" alt="" /></p>\r\n<p>M&agrave;n h&igrave;nh của iPhone 7 Plus vẫn duy tr&igrave; k&iacute;ch cỡ v&agrave; độ ph&acirc;n giải như cũ: 5.5 inch độ ph&acirc;n giải Full-HD với mật độ điểm ảnh 401 PPI.</p>\r\n<p><strong>Hiệu năng</strong></p>\r\n<p><strong><img src="http://msmobile.com.vn/upload_images/images/thong-so-va-cau-hinh-chinh-thuc-cua-iPhone-7-Plus-2.jpg" alt="" /></strong></p>\r\n<p>iPhone 7 Plus được Apple ưu &aacute;i trang bị vi xử l&yacute; A10 Fusion mới 4 l&otilde;i xử l&yacute; (2 l&otilde;i hiệu năng cao v&agrave; hai l&otilde;i hiệu năng thấp để xử l&yacute; c&aacute;c hoạt động nhẹ nhằm tiết kiệm pin). M&aacute;y c&oacute; tới 3,3 tỷ b&oacute;ng b&aacute;n dẫn tr&ecirc;n chip, vi xử l&yacute; đồ hoạ t&iacute;ch hợp trong A10 Fusion c&oacute; tốc độ xử l&yacute; nhanh hơn 50% so với nh&acirc;n đồ hoạ trong A9 tr&ecirc;n iPhone 6S Plus.</p>\r\n<p><strong>Camera</strong></p>\r\n<p>Hệ thống camera k&eacute;p ở ph&iacute;a sau của iPhone 7 Plus sử dụng 2 cảm biến 12MP gồm một camera g&oacute;c rộng 28mm (camera ch&iacute;nh) v&agrave; một camera ti&ecirc;u cự 56mm để chụp ảnh phong cảnh. Cả hai camera khi kết hợp c&ugrave;ng nhau tạo ra h&igrave;nh ảnh c&oacute; hiệu ứng bokeh kiểu như một số điện thoại của HTC v&agrave; Nokia.</p>\r\n<p><img src="http://msmobile.com.vn/upload_images/images/thong-so-va-cau-hinh-chinh-thuc-cua-iPhone-7-Plus.jpg" alt="" /></p>\r\n<p>Theo Apple, camera 12MP tr&ecirc;n iPhone 7 Plus c&oacute; tốc độ xử l&yacute; nhanh hơn đến 60% v&agrave; ti&ecirc;u hao điện năng &iacute;t hơn 30% so với thế hệ cũ, chống rung quang học. Thấu k&iacute;nh tr&ecirc;n iPhone Plus mới l&agrave; thấu k&iacute;nh 6 l&aacute; với 4 đ&egrave;n LED flash để trợ s&aacute;ng trong m&ocirc;i trường tối. Chiếc camera ch&iacute;nh 28mm c&oacute; khẩu độ f/1.8 trong khi chiếc camera phụ 56mm nhỏ hơn, f/2.8. C amera trước của iPhone 7 Plus được n&acirc;ng độ ph&acirc;n giải l&ecirc;n 7MP.</p>\r\n<p><strong>Pin</strong></p>\r\n<p><strong><img src="http://msmobile.com.vn/upload_images/images/thong-so-va-cau-hinh-chinh-thuc-cua-iPhone-7-Plus-4.jpg" alt="" /></strong></p>\r\n<p>Apple cho biết iPhone 7 Plus c&oacute; thời lượng sử dụng pin l&acirc;u hơn khoảng 1 giờ so với thế hệ tiền nhiệm. Cụ thể, với sức bền n&agrave;y, m&aacute;y cho ph&eacute;p người d&ugrave;ng nghe nhạc kh&ocirc;ng d&acirc;y 60 giờ hoặc lướt web tr&ecirc;n mạng LTE li&ecirc;n tục tới 13 giờ.</p>\r\n<p>iPhone 7 Plus bắt đầu được đặt h&agrave;ng trước từ ng&agrave;y 9/9 ở một số thị trường v&agrave; bắt đầu mở b&aacute;n từ ng&agrave;y 16/9. Tại Mỹ, mức gi&aacute; cho phi&ecirc;n bản bộ nhớ 32GB l&agrave; 769 USD (tương đương khoảng 17,1 triệu đồng), phi&ecirc;n bản 128GB gi&aacute; 869 USD (tương đương 19,4 triệu đồng) v&agrave; bản 256GB c&oacute; gi&aacute; 969 USD (21,6 triệu đồng).</p>\r\n</div>', '/Uploads/images/tintuc/thong-so-va-cau-hinh-chinh-thuc-cua-iPhone-7-Plus8.jpg', 1, '2016-09-25'),
(11, 9, 1, 'Samsung Gear S3 là chiếc "đồng hồ thông minh đích thực"', '<div class="summary">Samsung mới đ&acirc;y đ&atilde; tung ra 2 model của d&ograve;ng Gear S3 bao gồm Gear S3 Classic v&agrave; Gear S3 Frontier. Sau loạt video cho thấy những t&iacute;nh năng hấp dẫn của thế hệ đồng hồ mới th&igrave; v&agrave;o ng&agrave;y 6/9, Samsung tiếp tục cho biết Gear S3 l&agrave; chiếc đồng hồ &ldquo;đ&iacute;ch thực&rdquo;.</div>\r\n<div class="description clearfix">\r\n<p><img src="http://msmobile.com.vn/upload_images/images/samsung-gear-S3-la-dong-ho-thong-minh-dich-thuc-1.jpg" alt="" /></p>\r\n<p>Theo đ&oacute;, Samsung đ&atilde; đăng tải một video tr&ecirc;n k&ecirc;nh YouTube để minh chứng cho thấy một c&acirc;u chuyện về thiết kế mẫu đồng hồ mới Gear S3 đ&aacute;ng chi&ecirc;m ngưỡng. Video mang t&ecirc;n &ldquo;Gear S3: A True SmartWatch&rdquo; (tạm dịch: Gear S3 &ndash; một đồng hồ th&ocirc;ng minh đ&iacute;ch thực).</p>\r\n<p><img src="http://msmobile.com.vn/upload_images/images/samsung-gear-S3-la-dong-ho-thong-minh-dich-thuc.jpg" alt="" /></p>\r\n<p>Ngay khi video được mở l&ecirc;n, Samsung đ&atilde; lướt nhanh qua c&aacute;c giai đoạn bao gồm việc vẽ ph&aacute;c thảo tr&ecirc;n giấy, c&ocirc;ng đoạn đ&uacute;c bộ khung kim loại nguy&ecirc;n khối cho đồng hồ v&agrave; tạo b&aacute;nh răng, cắt CNC, cắt laser rồi sau đ&oacute; l&agrave; lắp r&aacute;p thủ c&ocirc;ng. Mọi chi tiết thao t&aacute;c đều to&aacute;t l&ecirc;n sự tinh tế v&agrave; được ch&uacute; trọng kiểm tra kỹ lưỡng trước khi xuất xưởng.</p>\r\n<p>Samsung Gear S3 vốn được đ&aacute;nh gi&aacute; rất cao nhờ v&agrave;o thiết kế đẹp, nhiều t&iacute;nh năng hấp dẫn, c&oacute; GPS, pin thời lượng cao hơn, cấu h&igrave;nh mạnh mẽ hơn v&agrave; thậm ch&iacute; l&agrave; hỗ trợ cả LTE v&agrave; nghe gọi độc lập như một smartphone thực sự.</p>\r\n</div>', '/Uploads/images/tintuc/samsung-gear-S3-la-dong-ho-thong-minh-dich-thuc-1.jpg', 1, '2016-09-25');
INSERT INTO `news` (`Id`, `Category_Id`, `User_Id`, `Name_Post`, `Content_Post`, `Image_Link`, `Status`, `Created`) VALUES
(12, 9, 1, 'HOT! Bphone 2 tấn công thị trường công nghệ', '<div class="summary">Kh&ocirc;ng chỉ ri&ecirc;ng iPhone khiến người ta chờ đợi với sự xuất hiện của si&ecirc;u phẩm thứ 10, m&agrave; người anh em c&oacute; c&aacute;i t&ecirc;n na n&aacute; Bphone của nh&agrave; Bkav cũng chuẩn bị cho ra mắt si&ecirc;u phẩm h&agrave;ng đầu mang t&ecirc;n Bphone 2. N&oacute; hứa hẹn sẽ tiếp tục l&agrave; một con &aacute;t chủ b&agrave;i, khuấy đảo thị trường c&ocirc;ng nghệ trong thời gian tới.</div>\r\n<div class="description clearfix">\r\n<p><img src="http://msmobile.com.vn/upload_images/images/Bphone%2023.jpg" alt="" /></p>\r\n<p>Một đại diện nh&agrave; Bkav đ&atilde; ph&aacute;t biểu ch&iacute;nh thức v&agrave; đưa th&ocirc;ng tin tr&ecirc;n fanpage về sự xuất hiện của Bphone 2. Theo đ&oacute;, Bphone 2 sẽ ra mắt người d&ugrave;ng c&ocirc;ng nghệ v&agrave;o khoảng cuối năm 2016. Tuy nhi&ecirc;n ngo&agrave;i th&ocirc;ng tin n&agrave;y, đại diện nh&agrave; Bkav khoogn h&eacute; lộ th&ecirc;m bất cứ điều g&igrave; về thiết kế cũng như cấu h&igrave;nh v&agrave; t&iacute;nh năng của Bphone 2.</p>\r\n<p>Vậy th&igrave; c&acirc;u hỏi đặt ra l&agrave; Bphone 2 c&oacute; điều g&igrave; đ&aacute;ng để người d&ugrave;ng mogn chờ. N&oacute; liệu c&oacute; phải một si&ecirc;u phẩm thực thụ giữa biển c&ocirc;ng nghệ hay đơn thuần chỉ l&agrave; một chiếc smartphone được người ta quan t&acirc;m v&igrave; n&oacute; mới?</p>\r\n<p><img src="http://msmobile.com.vn/upload_images/images/Bphone%2024.png" alt="" /></p>\r\n<p>Theo phản hồi từ đại diện fanpage ch&iacute;nh thức của smartphone Bkav, Bphone 2 c&oacute; mặt cuối năm nay. Tuy nhi&ecirc;n, thời điểm n&agrave;y sau đ&oacute; được chỉnh sửa, chỉ h&agrave;m &yacute; m&aacute;y sẽ c&oacute; mặt trong thời gian tới.</p>\r\n<p>Quay ngược trở lại từ những ng&agrave;y đầu ti&ecirc;n Bphone xuất hiện tr&ecirc;n thị trường c&ocirc;ng nghệ c&aacute;ch đ&acirc;y hơn một năm, ch&iacute;nh x&aacute;c l&agrave; v&agrave;o khoảng th&aacute;ng 5/2015, Bphone 1 xuất hiện v&agrave; l&agrave;m thị trường c&ocirc;ng nghệ n&aacute;o loạn suốt một thời gian d&agrave;i. V&agrave; cũng l&agrave; c&aacute;ch thức truyền th&ocirc;ng &uacute;p mở, vừa k&iacute;n vừa hở như lần n&agrave;y ra mắt Bphone 2. Ch&iacute;nh v&igrave; vậy người d&ugrave;ng ho&agrave;n to&agrave;n c&oacute; đủ cơ sỏ chờ đợi v&agrave; hy vọng một si&ecirc;u phẩm như Bphone 2.</p>\r\n<p>Trong buổi giới thiệu những th&ocirc;ng điệp tốt nhất thế giới, kh&ocirc;ng tin nổi của vị CEO Nguyễn Tử Quảng, Bphone đ&atilde; tạo một cơn sốt với một h&igrave;nh ảnh sản phẩm c&oacute; thiết kế kim loại nguy&ecirc;n khối, sang trọng v&agrave; bắt mắt. N&oacute; được trang bị si&ecirc;u chip Snapdragon 820 mới nhất, RAM 3 hoặc 4 GB, bộ nhớ Flash eMMC 5.0 của Toshiba cũng c&ocirc;ng nghệ v&acirc;n tay mới v&agrave; &ldquo;đảm bảo đặc trưng thiết kế phẳng&rdquo;, theo một đại diện Bkav.B&ecirc;n cạnh đ&oacute; sẽ l&agrave; một camera 13 MP với cảm biến Omivision khẩu độ F/2.2. Hơn thế nữa, Bphone dự kiến sẽ khởi chạy hệ điều h&agrave;nh BOS của h&atilde;ng được t&ugrave;y biến lại từ Android 5.0.</p>\r\n<p><img src="http://msmobile.com.vn/upload_images/images/Bphone%2021.jpg" alt="" /></p>\r\n<p>Người d&ugrave;ng c&ocirc;ng nghệ đang rất n&oacute;ng l&ograve;ng chờ đợi v&agrave; kh&aacute;t khao c&oacute; được nếu Bphone 2 thực sự xuất hiện với những h&igrave;nh ảnh m&agrave; cư d&acirc;n mạng đ&atilde; t&ocirc; vẽ n&ecirc;n. H&atilde;y tiếp tục theo d&otilde;i những th&ocirc;ng tin mới nhất tr&ecirc;n trang chủ của MSmobile: MSmobile.com.vn để cập nhật th&ecirc;m th&ocirc;ng tin chi tiết về si&ecirc;u phẩm Bphone 2 n&agrave;y nh&eacute;. Xin ch&agrave;o v&agrave; hẹn gặp lại.</p>\r\n</div>', '/Uploads/images/tintuc/Bphone%2023.jpg', 1, '2016-09-25'),
(13, 9, 1, 'Meizu Pro 6 giá sốc chỉ 8,5 triệu với RAM 4GB, chip xử lý 10 nhân', '<div class="summary">Nh&agrave; sản xuất Meizu vừa ch&iacute;nh thức tr&igrave;nh l&agrave;ng si&ecirc;u phẩm smartphone chip xử l&yacute; 10 nh&acirc;n, RAM 4GB với mức gi&aacute; chỉ 8,5 triệu đồng. Si&ecirc;u phẩm n&agrave;y mang t&ecirc;n Meizu Pro 6 v&agrave; chắc chắn n&oacute; sẽ tạo n&ecirc;n một cơn sốt lớn khi bước ch&acirc;n v&agrave;o thị trường Việt Nam.</div>\r\n<div class="description clearfix">\r\n<p><img src="http://msmobile.com.vn/upload_images/images/23(44).jpg" alt="" /></p>\r\n<p>C&ugrave;ng với Meizu M3s, Meizu M3 Note, Meizu Pro 6 l&agrave; một trong 3 mẫu smartphone của nh&agrave; h&atilde;ng Meizu ch&iacute;nh thức tấn c&ocirc;ng thị trường C&ocirc;ng nghệ Việt.</p>\r\n<p>Nh&agrave; sản xuất Meizu đ&atilde; xuống tay đầu tư mạnh cho Pro 6 một thiết kế nh&ocirc;m nguy&ecirc;n khối với bốn g&oacute;c v&agrave; cạnh được v&aacute;t cong, bo tr&ograve;n khiến tổng thể thiết kế trở n&ecirc;n mềm mại v&agrave; nữ t&iacute;nh hơn. Ph&iacute;m Home được cải biến v&agrave; c&oacute; t&iacute;ch hợp cảm biến v&acirc;n tay một chạm gi&uacute;p mở kh&oacute;a m&agrave;n h&igrave;nh chỉ trong t&iacute;ch tắc.</p>\r\n<p><strong>&gt;&gt;M&ocirc;̣t s&ocirc;́ sản ph&acirc;̉m có th&ecirc;̉ bạn quan t&acirc;m:</strong></p>\r\n<ul>\r\n<li>-&nbsp;<a href="http://msmobile.com.vn/dien-thoai/xiaomi-mi4-p1132.html">Xiaomi Mi4</a></li>\r\n<li>-&nbsp;<a href="http://msmobile.com.vn/dien-thoai/xiaomi-mi5-p1359.html">Xiaomi Mi5</a></li>\r\n<li>-&nbsp;<a href="http://msmobile.com.vn/dien-thoai/xiaomi-redmi-3x-p2146.html">Xiaomi Redmi 3x</a></li>\r\n<li>-&nbsp;<a href="http://msmobile.com.vn/dien-thoai/xiaomi-redmi-3-p1552.html">Xiaomi Redmi 3s</a></li>\r\n</ul>\r\n<p><img src="http://msmobile.com.vn/upload_images/images/24(32).jpg" alt="" /></p>\r\n<p>C&ograve;n nếu x&eacute;t về tổng thể thiết kế, Meizu Pro 6 c&oacute; kh&aacute; nhiều điểm tương đồng so với d&ograve;ng điện thoại iPhone 6/6s đẳng cấp của Apple. Điểm cộng s&aacute;ng gi&aacute; cho thiết kế của Pro 6 ch&iacute;nh l&agrave; c&aacute;c đường viền ăng-ten được ho&agrave;n thiện bắt mắt v&agrave; thon gọn hơn với tỷ lệ kim loại của sản phẩm đạt đến 98%.</p>\r\n<p>Meizu Pro 6 l&agrave; một trong những đại diện smartphone đầu ti&ecirc;n tr&ecirc;n thế giới được trang bị chip vi xử l&yacute; 10 nh&acirc;n. Kh&ocirc;ng chỉ vậy, n&oacute; c&ograve;n tự tin sở hữu bản RAM 4GB với cấu h&igrave;nh tốt v&agrave; cụm 10 đ&egrave;n flash lấy n&eacute;t laser tr&ecirc;n camera.</p>\r\n<p><img src="http://msmobile.com.vn/upload_images/images/22(67).jpg" alt="" /></p>\r\n<p>N&oacute; qu&aacute; ho&agrave;n hảo v&agrave; ấn tượng. Vậy c&ograve;n 2 nguwoif anh em trong chuyến h&agrave;nh tr&igrave;nh của n&oacute; th&igrave; sao? Meizu M3 Note cũng sở hữu một thiết kế nguy&ecirc;n khối, vỏ được l&agrave;m bằng chất liệu nh&ocirc;m hợp kim. Si&ecirc;u phẩm n&agrave;y kh&aacute; ấn tượng với m&agrave;n h&igrave;nh 5,5 inch độ ph&acirc;n giải FullHD, RAM 3GB. C&ograve;n với Meizu M3s. N&oacute; thuộc nh&oacute;m smartphone bảo mật v&acirc;n tay c&oacute; gi&aacute; thấp nhất thị trường. Nhưng kh&ocirc;ng phải v&igrave; thế m&agrave; gi&aacute; trị của n&oacute; cũng giảm theo. N&oacute; mạnh mẽ với chip 8 nh&acirc;n MediaTek, RAM 2GB v&agrave; bộ nhớ trong 16GB. Đặc biệt si&ecirc;u phẩm n&agrave;y c&ograve;n l&agrave;m h&agrave;i l&ograve;ng người d&ugrave;ng với bộ đ&ocirc;i camera ấn tượng: 13MP/ 5MP.</p>\r\n<p><img src="http://msmobile.com.vn/upload_images/images/27(12).jpg" alt="" /></p>\r\n<p>Quay trở lại với nh&acirc;n vật ch&iacute;nh của ch&uacute;ng ta, Meizu Pro 6. Ngay từ khi vừa xuất hiện, Meizu Pro 6 ch&iacute;nh h&atilde;ng đ&atilde; được đ&aacute;nh gi&aacute; l&agrave; đối thủ nặng k&yacute; của Xiaomi Mi 5 tại trường Trung Quốc. N&oacute; kh&ocirc;ng chỉ mạnh mẽ, m&agrave; n&oacute; c&ograve;n đẹp, đẹp tới mức người ta kh&oacute; l&ograve;ng m&agrave; bỏ qua. Bạn muốn sở hữu một si&ecirc;u phẩm Meizu Pro 6 gi&aacute; rẻ nhất tại H&agrave; Nội c&oacute; thể li&ecirc;n hệ đặt gạch với ch&uacute;ng t&ocirc;i theo hotline:</p>\r\n</div>', '/Uploads/images/tintuc/23(44).jpg', 1, '2016-09-25');

-- --------------------------------------------------------

--
-- Table structure for table `options`
--

CREATE TABLE `options` (
  `Id` int(255) NOT NULL,
  `Name` varchar(30) NOT NULL,
  `Value` varchar(255) NOT NULL,
  `Content` varchar(60) NOT NULL
) ENGINE=InnoDB DEFAULT CHARSET=utf8;

--
-- Dumping data for table `options`
--

INSERT INTO `options` (`Id`, `Name`, `Value`, `Content`) VALUES
(1, 'logo', '/Uploads/images/logo.png', 'yes'),
(2, 'banner1', '/Uploads/images/sale-home.jpg', 'yes'),
(3, 'banner2', '/Uploads/images/sale-home-1.jpg', 'yes'),
(4, 'MIỄN PHÍ VẬN CHUYỂN HÀ NỘI', 'fa-truck', 'Đơn hàng trên 200K'),
(5, 'CHẤT LƯỢNG 900%', 'fa-laptop', 'Dễ dàng trên hệ thống'),
(6, 'MIỄN PHÍ VẬN CHUYỂN', 'fa-usd', 'Sản phẩm chất lượng'),
(7, 'tra-gop', '/Uploads/images/banner-tra-gop-0.png', 'yes');

-- --------------------------------------------------------

--
-- Table structure for table `orders`
--

CREATE TABLE `orders` (
  `Id` int(255) NOT NULL,
  `Name` varchar(30) NOT NULL,
  `Address` varchar(255) NOT NULL,
  `Email` varchar(50) NOT NULL,
  `Phone_Number` varchar(12) NOT NULL,
  `Bank_Name` varchar(120) NOT NULL,
  `Bank_Account` varchar(120) NOT NULL,
  `Approval_By` varchar(30) NOT NULL,
  `Created` date NOT NULL,
  `Status` tinyint(4) NOT NULL DEFAULT '1'
) ENGINE=InnoDB DEFAULT CHARSET=utf8;

--
-- Dumping data for table `orders`
--

INSERT INTO `orders` (`Id`, `Name`, `Address`, `Email`, `Phone_Number`, `Bank_Name`, `Bank_Account`, `Approval_By`, `Created`, `Status`) VALUES
(1, 'Cao Văn Dũng', 'Hưng Yên', 'caodung9x@gmail.com', '01697538121', 'Vieieie', '124asdasdasd', 'admin', '2016-10-06', 2),
(2, 'Cao Dũng', 'hà nội', 'thanhvien1@gmail.com', '01697538121', 'Viettinbank', '124asdasdasd1', '', '2016-10-05', 1),
(3, 'Hương', 'âm tào địa phủ', 'huongml@gmail.com', '01369758454', 'việtteem', '300aasd546456', '', '2016-10-06', 1),
(4, 'khách hàng mới', 'hà nội', 'caodungf1@gmail.com', '01697548787', 'ViettinBank', 'dsfsd1515654445', '', '2016-10-07', 1),
(5, 'nguyen an ninh', 'Hà Nội', 'trananninh@gmail.com', '01697538121', 'dsdsgsf', '123456767', 'admin', '2016-10-08', 2);

-- --------------------------------------------------------

--
-- Table structure for table `orders_products`
--

CREATE TABLE `orders_products` (
  `Id` int(255) NOT NULL,
  `Order_Id` int(255) NOT NULL,
  `Product_Id` int(255) NOT NULL,
  `Card_Id` int(4) NOT NULL,
  `Price` int(10) NOT NULL
) ENGINE=InnoDB DEFAULT CHARSET=utf8;

--
-- Dumping data for table `orders_products`
--

INSERT INTO `orders_products` (`Id`, `Order_Id`, `Product_Id`, `Card_Id`, `Price`) VALUES
(1, 1, 2, 6, 3505500),
(2, 1, 3, 6, 13491000),
(3, 1, 6, 5, 10791000),
(4, 1, 1, 3, 5690000),
(5, 2, 1, 5, 5690000),
(6, 2, 2, 5, 3505500),
(7, 2, 3, 3, 13491000),
(8, 2, 7, 3, 1700500),
(9, 2, 6, 4, 10791000),
(10, 3, 8, 1, 1852500),
(11, 3, 9, 1, 2422500),
(12, 3, 10, 1, 8312500),
(13, 4, 23, 1, 3150000),
(14, 5, 8, 3, 1852500),
(15, 5, 6, 1, 10791000),
(16, 5, 2, 2, 3505500);

-- --------------------------------------------------------

--
-- Table structure for table `products`
--

CREATE TABLE `products` (
  `Id` int(255) NOT NULL,
  `Category_Id` int(11) NOT NULL,
  `User_Id` int(11) NOT NULL,
  `Product_Name` varchar(255) NOT NULL,
  `Content_Product` text NOT NULL,
  `Price` decimal(15,0) NOT NULL,
  `DissCount` tinyint(4) NOT NULL,
  `Image_Link` varchar(100) NOT NULL DEFAULT '/Uploads/images/avatar.jpg',
  `Image_List` text NOT NULL,
  `Quantities` int(11) NOT NULL,
  `Status` tinyint(4) NOT NULL DEFAULT '1',
  `Created` date NOT NULL
) ENGINE=InnoDB DEFAULT CHARSET=utf8;

--
-- Dumping data for table `products`
--

INSERT INTO `products` (`Id`, `Category_Id`, `User_Id`, `Product_Name`, `Content_Product`, `Price`, `DissCount`, `Image_Link`, `Image_List`, `Quantities`, `Status`, `Created`) VALUES
(1, 1, 1, 'IPHONE 5S', '<p><em><strong>iPhone&nbsp;5S v&agrave;&nbsp;<a title="iPhone 5C" href="https://www.thegioididong.com/dtdd/iphone-5c-16gb" target="_blank">iPhone 5C</a>&nbsp;ch&iacute;nh l&agrave; hai nh&acirc;n tố t&acirc;m điểm khiến thị trường&nbsp;<a title="Điện thoại di động" href="https://www.thegioididong.com/dtdd" target="_blank">điện thoại di động</a>&nbsp;n&aacute;o nhiệt trong suốt những th&aacute;ng cuối năm 2013. Giống như những phi&ecirc;n bản&nbsp;<a title="iPhone" href="https://www.thegioididong.com/dtdd-apple-iphone" target="_blank">iPhone</a>&nbsp;trước đ&oacute; của Apple, phi&ecirc;n bản &ldquo;S&rdquo; mới n&agrave;y l&agrave; bản n&acirc;ng cấp rất đ&aacute;ng gi&aacute; của&nbsp;<a title="iPhone 5" href="https://www.thegioididong.com/dtdd/iphone-5-32gb" target="_blank">iPhone 5</a>, tuy vẫn c&ograve;n giữ nhiều chi tiết giống người tiền nhiệm nhưng thiết bị đ&atilde; c&oacute; những cải tiến mang t&iacute;nh bước ngoặt.</strong></em></p>\r\n<p>C&ocirc;ng đoạn gia c&ocirc;ng l&agrave; thế mạnh của Apple v&agrave; n&oacute; được thể hiện tr&ecirc;n&nbsp;<strong>iPhone&nbsp;5S&nbsp;</strong>kh&aacute; r&otilde; r&agrave;ng, ngo&agrave;i m&agrave;u sắc đa dạng Apple c&ograve;n cung cấp cho thiết bị một bộ xử l&yacute; ho&agrave;n to&agrave;n mới v&agrave; mạnh mẽ c&ugrave;ng khả năng chụp ảnh vượt trội.</p>\r\n<p><img title="iPhone 5S bản n&acirc;ng cấp đ&aacute;ng gi&aacute; của iPhone 5" src="https://cdn3.tgdd.vn/Products/Images/42/60457/iphone-5s_clip_image002.jpg" alt="iPhone 5S bản n&acirc;ng cấp đ&aacute;ng gi&aacute; của iPhone 5" /><br /><br /><em>iPhone 5S bản n&acirc;ng cấp đ&aacute;ng gi&aacute; của iPhone 5</em></p>\r\n<h3>Thiết kế nguy&ecirc;n khối cao cấp</h3>\r\n<p>Si&ecirc;u phẩm<strong>&nbsp;5S&nbsp;</strong>nh&igrave;n tổng thể th&igrave; kh&ocirc;ng kh&aacute;c mấy so với người tiền nhiệm&nbsp;<strong>iPhone&nbsp;5</strong>, thế nhưng Apple từ l&acirc;u đ&atilde; kh&aacute; nổi tiếng từ những chi tiết nhỏ nhất tr&ecirc;n sản phẩm của m&igrave;nh. Vẫn mang tr&ecirc;n m&igrave;nh thiết kế nguy&ecirc;n khối, kiểu d&aacute;ng vu&ocirc;ng vức mạnh mẽ v&agrave; độ d&agrave;y th&acirc;n m&aacute;y giữ nguy&ecirc;n 7.6mm. Chiếc&nbsp;<a title="Smartphone" href="https://www.thegioididong.com/dtdd?f=smartphone" target="_blank">smartphone</a>&nbsp;n&agrave;y đ&atilde; l&agrave;m biến mất đi h&igrave;nh ảnh của một chiếc iPhone chỉ m&agrave;u đen v&agrave; trắng, thay v&agrave;o đ&oacute; Apple đ&atilde; mang đến người d&ugrave;ng c&aacute;c phi&ecirc;n bản m&agrave;u sắc rất tuyệt vời gồm c&oacute; m&agrave;u trắng, đen, v&agrave;ng, c&oacute; lẽ m&agrave;u v&agrave;ng &aacute;nh kim sẽ được người d&ugrave;ng săn t&igrave;m nhiều nhất.</p>\r\n<p><a class="preventdefault" href="https://www.thegioididong.com/images/42/60457/iphone-5s_clip_image004.jpg"><img class="lazy" title="Thiết kế tổng thể tương tự iPhone 5" src="https://cdn.tgdd.vn/Products/Images/42/60457/iphone-5s_clip_image004.jpg" alt="Thiết kế tổng thể th&igrave; tương tự iPhone 5" /></a><br /><br /><em>Thiết kế tổng thể th&igrave; tương tự iPhone 5</em></p>\r\n<h3>Ph&iacute;m Home t&iacute;ch hợp cảm biến bảo mật dấu v&acirc;n tay</h3>\r\n<p>Trước thời điểm ra mắt cảm biến Touch ID tr&ecirc;n&nbsp;<strong>iPhone 5S</strong>&nbsp;ch&iacute;nh l&agrave; điều khiến mọi người kh&aacute; n&ocirc;n n&oacute;ng, h&aacute;o hức được chứng kiến. Kh&ocirc;ng l&agrave;m mất mặt, Apple Touch ID l&agrave; một t&iacute;nh năng tuyệt vời, kh&ocirc;ng những thế để thiết kế chức năng n&agrave;y &ldquo;quả t&aacute;o khuyết&rdquo; đ&atilde; d&agrave;y c&ocirc;ng nghi&ecirc;n cứu v&agrave; đưa v&agrave;o một chi tiết nhỏ nhưng kh&aacute; quan trọng.</p>\r\n<p><a class="preventdefault" href="https://www.thegioididong.com/images/42/60457/iphone-5s_clip_image006.jpg"><img class="lazy" title="Ph&iacute;m Home của Iphone 5S" src="https://cdn2.tgdd.vn/Products/Images/42/60457/iphone-5s_clip_image006.jpg" alt="Ph&iacute;m Home của Iphone 5S được thiết kế kh&aacute; tinh xảo v&agrave; đặc biệt" /></a><br /><br /><em>Ph&iacute;m Home được thiết kế kh&aacute; tinh xảo v&agrave; đặc biệt</em></p>\r\n<p>Người d&ugrave;ng đ&atilde; qu&aacute; quen thuộc với h&igrave;nh ảnh n&uacute;t Home truyền thống c&oacute; tr&ecirc;n iPhone, nhưng năm 2013 n&agrave;y n&oacute; đ&atilde; được cải tiến bằng một n&uacute;t ấn vật l&yacute; d&ugrave;ng chất liệu đ&aacute; sapphire chống xước, h&igrave;nh tr&ograve;n c&ugrave;ng v&ograve;ng kim loại s&aacute;ng b&oacute;ng bao quanh, nhờ chi tiết n&agrave;y m&agrave; &ldquo;mặt tiền&rdquo; của&nbsp;<strong>5S&nbsp;</strong>đ&atilde; hấp dẫn hơn kh&aacute; nhiều so với iPhone 5.</p>\r\n<p><a class="preventdefault" href="https://www.thegioididong.com/images/42/60457/iphone-5s_clip_image008.jpg"><img class="lazy" title="Iphone 5S với cảm biến Touch ID dưới n&uacute;t Home" src="https://cdn4.tgdd.vn/Products/Images/42/60457/iphone-5s_clip_image008.jpg" alt="Iphone 5S Bảo mật cao với cảm biến Touch ID dưới n&uacute;t Home" /></a><br /><br /><em>Bảo mật cao với cảm biến Touch ID dưới n&uacute;t Home</em></p>\r\n<p>N&uacute;t Home của m&aacute;ysẽ ki&ecirc;m th&ecirc;m chức năng qu&eacute;t dấu v&acirc;n tay người d&ugrave;ng, như một chiếc ch&igrave;a kh&oacute;a để mở c&aacute;nh cửa v&agrave;o<strong>iPhone 5S</strong>. Cảm biến n&agrave;y d&agrave;y c&oacute; 170 micron với độ ph&acirc;n giải 500 pixel /inch. N&oacute; c&oacute; thể đọc được ở g&oacute;c 360 độ, c&oacute; nghĩa l&agrave; đọc được v&acirc;n tay cho d&ugrave; ng&oacute;n tay của người d&ugrave;ng c&oacute; thể được định hướng ở bất kỳ hướng n&agrave;o. Apple cho biết n&oacute; c&oacute; thể đọc được c&aacute;c lớp da nằm dưới lớp biểu b&igrave;.</p>\r\n<p><a class="preventdefault" href="https://www.thegioididong.com/images/42/60457/iphone-5s_clip_image010.jpg"><img class="lazy" title="Iphone 5S chỉ mỏng 7.6mm" src="https://cdn1.tgdd.vn/Products/Images/42/60457/iphone-5s_clip_image010.jpg" alt="Th&acirc;n m&aacute;y của Iphone 5S chỉ mỏng 7.6mm" /></a><br /><br /><em>Th&acirc;n m&aacute;y của Iphone 5S chỉ mỏng 7.6mm</em></p>\r\n<h3>Bộ xử l&iacute; A7 64-bit mạnh mẽ</h3>\r\n<p>Một chi tiết l&agrave;m Apple kh&aacute; h&atilde;nh diện về chiếc smartphone mới của m&igrave;nh đ&oacute; ch&iacute;nh l&agrave; bộ xử l&yacute; vượt trội chip A7 SoC 64-bit, Apple c&ograve;n tuy&ecirc;n bố rằng bộ xử l&yacute; n&agrave;y sẽ cho tốc độ gấp 56 lần so với iPhone phi&ecirc;n bản đầu v&agrave; hơn 2 lần so với&nbsp;<strong>iPhone 5</strong>. Đ&acirc;y l&agrave; chip xử l&yacute; mới v&agrave; ti&ecirc;n tiến cho ph&eacute;p hỗ trợ&nbsp;<a title="RAM l&agrave; g&igrave;?" href="https://www.thegioididong.com/tin-tuc/ram-la-gi-bo-nho-kha-dung-la-gi--592228" target="_blank">RAM</a>&nbsp;tối đa l&ecirc;n 4GB.</p>\r\n<p><a class="preventdefault" href="https://www.thegioididong.com/images/42/60457/iphone-5s_clip_image012.jpg"><img class="lazy" title="Chip A7 mới tr&ecirc;n Iphone 5S" src="https://cdn3.tgdd.vn/Products/Images/42/60457/iphone-5s_clip_image012.jpg" alt="Chip A7 mới tr&ecirc;n Iphone 5S được người d&ugrave;ng đặt kỳ vọng lớn" /></a><br /><br /><em>Chip A7 mới tr&ecirc;n Iphone 5S được người d&ugrave;ng đặt kỳ vọng lớn</em></p>\r\n<p>Chip A7 64-bit của Apple sẽ cho m&aacute;y hoạt động đồ họa 3D tốt hơn, chạy đa nhiệm tốt, xử l&yacute; c&ugrave;ng l&uacute;c nhiều chương tr&igrave;nh nhanh hơn.&nbsp;<strong>IPhone</strong><strong>5S</strong>&nbsp;đi k&egrave;m với hầu hết lựa chọn kết nối ti&ecirc;u chuẩn như Bluetooth 4.0, 4G LTE, AirDrop, AirPlay&hellip;Điều đặc biệt l&agrave; kh&ocirc;ng c&oacute; kết nối NFC, l&agrave; t&iacute;nh năng kh&aacute; nhiều smartphone cao cấp chạy Android đều c&oacute;.</p>\r\n<p><a class="preventdefault" href="https://www.thegioididong.com/images/42/60457/iphone-5s_clip_image014.jpg"><img class="lazy" title="Chip A7 gi&uacute;p Iphone 5S chạy mượt m&agrave;" src="https://cdn.tgdd.vn/Products/Images/42/60457/iphone-5s_clip_image014.jpg" alt="Chip A7 mới nhất của Apple gi&uacute;p Iphone 5S chạy mượt m&agrave;" /></a><br /><br /><em>Chip A7 mới nhất của Apple gi&uacute;p Iphone 5S chạy mượt m&agrave;</em></p>\r\n<h3>Tối ưu thời gian d&ugrave;ng pin</h3>\r\n<p><strong>Apple</strong>&nbsp;cho người d&ugrave;ng thấy ngay chất lượng pin của&nbsp;<strong>iPhone 5S&nbsp;</strong>tốt như thế n&agrave;o ngay từ buổi ra mắt đầu ti&ecirc;n. 1560mAh, một dung lượng pin kh&aacute; nhỏ nếu so với c&aacute;c thiết bị Android cao cấp tuy nhi&ecirc;n với&nbsp;<strong>Apple</strong>&nbsp;th&igrave; đ&oacute; lại l&agrave; một điều ho&agrave;n to&agrave;n kh&aacute;c. Với dung lượng pin l&agrave; 1560mAh thiết bị cho bạn đến 10 giờ đ&agrave;m thoại&nbsp;<a title="Điện thoại c&oacute; kết nối 3G" href="https://www.thegioididong.com/dtdd?f=bang-tan-3g-4g" target="_blank">3G</a>, lướt web với kết nối LTE,&nbsp;<a title="Điện thoại c&oacute; kết nối Wifi" href="https://www.thegioididong.com/dtdd?f=wifi" target="_blank">Wifi</a>&nbsp;với thời lượng 10 tiếng đồng hồ. ngo&agrave;i ra bạn c&oacute; thể chơi nhạc đến 40 giờ v&agrave; ở chế độ chờ l&ecirc;n đến 250 giờ.</p>\r\n<p><a class="preventdefault" href="https://www.thegioididong.com/images/42/60457/iphone-5s_clip_image016.jpg"><img class="lazy" title="Chất lượng pin của iPhone 5S l&agrave; kh&aacute; tốt" src="https://cdn2.tgdd.vn/Products/Images/42/60457/iphone-5s_clip_image016.jpg" alt="Chất lượng pin của iPhone 5S l&agrave; kh&aacute; tốt" /></a><br /><br /><em>Chất lượng pin của iPhone 5S l&agrave; kh&aacute; tốt</em></p>\r\n<h3>M&agrave;n h&igrave;nh IPS&nbsp;<a title="Điện thoại 4inch" href="https://www.thegioididong.com/dtdd?g=khoang-4" target="_blank">4 inch</a>&nbsp;cực k&igrave; sắc n&eacute;t</h3>\r\n<p>Kh&ocirc;ng chạy theo xu thế m&agrave;n h&igrave;nh lớn, Apple chỉ trang bị cho&nbsp;<strong>5S</strong>&nbsp;m&agrave;n h&igrave;nh&nbsp;<a title="C&aacute;c loại m&agrave;n h&igrave;nh smartphone" href="https://www.thegioididong.com/tin-tuc/loai-man-hinh-tft-lcd-amoled-la-gi--592346" target="_blank">Retina</a>&nbsp;<a title="Độ ph&acirc;n giải m&agrave;n h&igrave;nh qHD, HD, FullHD, 2K, 4K l&agrave; g&igrave;?" href="https://www.thegioididong.com/tin-tuc/do-phan-giai-man-hinh-qhd-hd-fullhd-2k-4k-la-gi--592178">độ ph&acirc;n giải</a>&nbsp;1136x640 pixels, mật độ điểm ảnh 326 ppi, k&iacute;ch thước 4 inch tương tự như với&nbsp;<strong>iPhone 5 v&agrave; 5C</strong>. Đ&acirc;y l&agrave; điểm m&agrave; nhiều người đ&atilde; ph&agrave;n n&agrave;n bởi đ&atilde; c&aacute;c thiết bị Android đang qu&aacute; phổ biến về smartphone m&agrave;n h&igrave;nh lớn.</p>\r\n<p>Thực tế th&igrave; nếu d&ugrave;ng m&agrave;n h&igrave;nh 4 inch sẽ thuận tiện v&agrave; dễ d&agrave;ng hơn rất nhiều cho người d&ugrave;ng bởi bạn c&oacute; thể d&ugrave;ng một tay dễ d&agrave;ng, độ ph&acirc;n giải tốt hơn n&ecirc;n độ mịn m&agrave;ng, sắc n&eacute;t cao hơn nếu so với c&aacute;c thiết bị m&agrave;n h&igrave;nh lớn m&agrave; độ ph&acirc;n giải thậm ch&iacute; c&ograve;n nhỏ hơn&nbsp;<strong>5S</strong>.</p>\r\n<p><strong><a class="preventdefault" href="https://www.thegioididong.com/images/42/60457/iphone-5s_clip_image018.jpg"><img class="lazy" title="M&agrave;n h&igrave;nh Iphone 5S" src="https://cdn4.tgdd.vn/Products/Images/42/60457/iphone-5s_clip_image018.jpg" alt="M&agrave;n h&igrave;nh Iphone 5S chỉ 4 inch nhưng cầm sẽ rất vừa tay" /></a></strong><br /><br /><em>M&agrave;n h&igrave;nh Iphone 5S chỉ 4 inch cầm sẽ rất vừa tay</em></p>\r\n<h3>Camera 8MP với khả năng chống rung v&agrave; chụp ảnh thiếu s&aacute;ng tốt</h3>\r\n<p>Kh&ocirc;ng chạy đua theo xu thế&nbsp;<a title="C&aacute;c c&ocirc;ng nghệ chụp ảnh tr&ecirc;n smartphone" href="https://www.thegioididong.com/tin-tuc/cac-cong-nghe-chup-anh-tren-smartphone-592323" target="_blank">camera</a>&nbsp;khủng như c&aacute;c thiết bị cao cấp kh&aacute;c như&nbsp;<a title="Samsung Galaxy S4" href="https://www.thegioididong.com/dtdd/samsung-galaxy-s4-i9500" target="_blank"><strong>Samsung Galaxy S4</strong></a>,&nbsp;<a title="Nokia Lumia 925" href="https://www.thegioididong.com/dtdd/nokia-lumia-925" target="_blank"><strong>Nokia Lumia 925</strong></a>, v&agrave; đặc biệt l&agrave;&nbsp;<a title="Nokia Lumia 1020" href="https://www.thegioididong.com/dtdd/nokia-lumia-1020" target="_blank"><strong>Lumia 1020</strong></a>, Apple lại tập trung v&agrave;o ph&aacute;t triển, n&acirc;ng cao chất lượng h&igrave;nh ảnh.&nbsp;<strong>iPhone 5S&nbsp;</strong>vẫn giữ camera 8MP, hỗ trợ đến 2 đ&egrave;n LED ph&iacute;a sau v&agrave; c&oacute; cảm biến lớn hơn 15% so với phi&ecirc;n bản trước, nhờ đ&oacute; camera sẽ bắt s&aacute;ng tốt hơn v&agrave; chất lượng h&igrave;nh ảnh sẽ được cải thiện đ&aacute;ng kể.</p>\r\n<p>Chiếc camera n&agrave;y c&oacute; khả năng chụp li&ecirc;n tục 10 khung h&igrave;nh tr&ecirc;n gi&acirc;y, ở chế độ chụp to&agrave;n cảnh panorama thiết bị cho bạn h&igrave;nh ảnh c&oacute; độ ph&acirc;n giải l&ecirc;n đến 28MP, camera sẽ tự động điều chỉnh &aacute;nh s&aacute;ng, l&agrave;m mượt m&agrave; c&aacute;c khung h&igrave;nh v&agrave; ổn định, chống rung khi bạn di chuyển tay.</p>\r\n<p><a class="preventdefault" href="https://www.thegioididong.com/images/42/60457/iphone-5s_clip_image020.jpg"><img class="lazy" title="Camera ph&iacute;a sau Iphone 5S" src="https://cdn1.tgdd.vn/Products/Images/42/60457/iphone-5s_clip_image020.jpg" alt="Camera ph&iacute;a sau Iphone 5S hỗ trợ 2 đ&egrave;n LED trợ s&aacute;ng" /></a><br /><br /><em>Camera ph&iacute;a sau Iphone 5S hỗ trợ 2 đ&egrave;n LED trợ s&aacute;ng</em></p>\r\n<p><strong>iPhone 5S</strong>&nbsp;ch&iacute;nh l&agrave; điều m&agrave; Fan của Apple mong ng&oacute;ng nhiều ng&agrave;y từ khi tin đồn xuất hiện v&agrave; n&oacute; đ&atilde; kh&ocirc;ng l&agrave;m người d&ugrave;ng thất vọng. L&agrave; bản n&acirc;ng cấp đ&aacute;ng gi&aacute; của&nbsp;<strong>iPhone 5</strong>, &nbsp;mang đến t&iacute;nh năng ưu việt như khả năng nhận diện dấu v&acirc;n tay th&ocirc;ng minh, chip xử l&yacute; mạnh mẽ mới nhất A7, cũng như camera 8MP với cảm biến lớn hơn 15% so với iPhone 5 c&ugrave;ng hệ điều h&agrave;nh&nbsp;<em><a title="Hệ điều h&agrave;nh iOS l&agrave; g&igrave;?" href="https://www.thegioididong.com/tin-tuc/he-dieu-hanh-ios-la-gi--592559" target="_blank">iOS</a>&nbsp;7</em>mới mẻ.</p>', '5690000', 0, '/Uploads/images/dienthoai/SamSung/iphone-5s-16gb-1-400x533.png', '/Uploads/images/dienthoai/Lg/lg-v10-h960-2848003772-jpg.jpg,', 3, 1, '2016-07-24'),
(2, 7, 1, 'Microsoft Lumia 640', '<p>Sau khi th&acirc;u t&oacute;m&nbsp;<a title="điện thoại nokia" href="https://www.thegioididong.com/dtdd-nokia" target="_blank" type="điện thoại nokia">Nokia</a>&nbsp;<strong>Microsoft&nbsp;</strong>tiếp tục l&agrave;m n&oacute;ng thị trường smartphone tầm trung gi&aacute; rẻ, với những sản phẩm vẫn rất &ldquo;Nokia&rdquo;.&nbsp;<strong>Lumia 640&nbsp;</strong>l&agrave; một đại diện mới nhất của h&atilde;ng được t&iacute;ch hợp s&acirc;u c&aacute;c ứng dụng của h&atilde;ng như OneDrive, Office 365, Skype v&agrave; được thửa hưởng phong c&aacute;ch thời trang rất ấn tượng của đ&agrave;n anh đi trước.</p>\r\n<p><a class="preventdefault" href="https://www.thegioididong.com/images/42/71089/microsoft-lumia-640-1-1.jpg"><img title="Lumia 640" src="https://cdn1.tgdd.vn/Products/Images/42/71089/microsoft-lumia-640-1-1.jpg" alt="Lumia 640" /></a></p>\r\n<p><em>Một sản phẩm sở hữu m&agrave;n h&igrave;nh rất lớn của Microsoft</em></p>\r\n<p><strong>Nhiều m&agrave;u sắc, nhiều lựa chọn</strong></p>\r\n<p><strong>Lumia 640&nbsp;</strong>được kho&aacute;c l&ecirc;n m&igrave;nh nhiều m&agrave;u sắc ấn tượng tr&ecirc;n chất liệu nhựa truyền thống v&agrave; dĩ nhi&ecirc;n n&oacute; c&oacute; thể dễ d&agrave;ng thay thế. Đ&aacute;ng ch&uacute; &yacute;, phần mặt lưng n&agrave;y được thiết kế vu&ocirc;ng vắn v&agrave; liền mạch &ocirc;m s&acirc;u về trước, s&aacute;t với phần viền m&agrave;n h&igrave;nh, khi cầm cho cảm gi&aacute;c th&iacute;ch th&uacute;,rất chắc chắn v&agrave; mạnh mẽ.</p>\r\n<p><a class="preventdefault" href="https://www.thegioididong.com/images/42/71089/microsoft-lumia-640-2-1.jpg"><img class="lazy" title="Lumia 640" src="https://cdn3.tgdd.vn/Products/Images/42/71089/microsoft-lumia-640-2-1.jpg" alt="Lumia 640" /></a></p>\r\n<p><em>M&agrave;u xanh dương rất đẹp v&agrave; hấp dẫn</em></p>\r\n<p><strong>Thỏa m&atilde;n nhu cầu giải tr&iacute;</strong></p>\r\n<p><strong>Lumia 640&nbsp;</strong>sở hữu m&agrave;n h&igrave;nh k&iacute;ch thước 5.0 inch với độ ph&acirc;n giải HD (1080 x 720px) v&agrave; n&oacute; được phủ một lớp k&iacute;nh cường lực&nbsp;<a title="Gorilla Glass 3" href="https://www.thegioididong.com/tin-tuc/kinh-cuong-luc-la-gi--596319#gorillaglass3" target="_blank" type="Gorilla Glass 3"><strong>Corning Gorilla Glass 3</strong></a>&nbsp;nhằm tăng cường t&iacute;nh chịu lực v&agrave; tr&aacute;nh được những vết xước răm kh&oacute; chịu.</p>\r\n<p>Ngo&agrave;i ra m&agrave;n h&igrave;nh c&ograve;n sử dụng c&ocirc;ng nghệ ClearBlack v&agrave;&nbsp;<a title="IPS" href="https://www.thegioididong.com/tin-tuc/loai-man-hinh-tft-lcd-amoled-la-gi--592346#ips" target="_blank" type="IPS">IPS</a>&nbsp;gi&uacute;p m&agrave;n h&igrave;nh hiển thị được r&otilde; r&agrave;ng hơn khi sử dụng ở điều kiện ngo&agrave;i trời, hơn nữa c&aacute;c g&oacute;c nh&igrave;n đến m&agrave;n h&igrave;nh cũng trở n&ecirc;n rộng v&agrave; dễ chịu hơn.</p>\r\n<p><a class="preventdefault" href="https://www.thegioididong.com/images/42/71089/microsoft-lumia-640-3-1.jpg"><img class="lazy" title="Microsoft Lumia 640" src="https://cdn.tgdd.vn/Products/Images/42/71089/microsoft-lumia-640-3-1.jpg" alt="Microsoft Lumia 640" /></a></p>\r\n<p><em>M&agrave;n h&igrave;nh cho g&oacute;c nh&igrave;n rất rộng</em></p>\r\n<p><strong>Cấu h&igrave;nh tốt, nhiều ứng dụng hữu &iacute;ch</strong></p>\r\n<p>Thiết bị n&agrave;y sở hữu bộ vi xử l&yacute;&nbsp;<strong><a title="Snapdragon 400" href="https://www.thegioididong.com/tin-tuc/tim-hieu-vi-xu-ly-di-dong-arm-va-qualcomm-snapdrag-592769#snapdragon400" target="_blank" type="Snapdragon 400">Snapdragon 400</a>&nbsp;</strong>của Qualcomm, tốc độ 1.2GHz, hỗ trợ RAM 1GB. Ngo&agrave;i ra m&aacute;y c&ograve;n c&oacute; th&ecirc;m 8GB bộ nhớ trong, hỗ trợ thẻ nhớ MicroSD l&ecirc;n đến 128GB v&agrave; c&oacute; th&ecirc;m sự lựa chọn từ dịch vụ lưu trữ đ&aacute;m m&acirc;y OneDrive. Với cấu h&igrave;nh n&agrave;y&nbsp;<strong>Lumia 640</strong>&nbsp;chạy kh&aacute; mượt m&agrave; v&agrave; ổn định, việc chơi c&aacute;c game nặng như Asphalt 8 cũng kh&ocirc;ng xuất hiện vấn đề g&igrave; đ&aacute;ng ngại.</p>\r\n<p><strong>Lumia 640</strong>&nbsp;sử dụng hệ điều h&agrave;nh&nbsp;<a title="Windows Phone 8.1" href="https://www.thegioididong.com/tin-tuc/he-dieu-hanh-windows-phone-593307#windowsphone81" target="_blank" type="Windows Phone 8.1"><strong>Window Phone 8.1</strong></a>&nbsp;với giao diện dạng &ocirc; vu&ocirc;ng c&oacute; thể thay đổi h&igrave;nh dạng t&ugrave;y th&iacute;ch. Hệ điều h&agrave;nh n&agrave;y kh&ocirc;ng tốn nhiều RAM n&ecirc;n chạy kh&aacute; trơn tru chỉ với 1GB RAM của m&aacute;y.</p>\r\n<p><a class="preventdefault" href="https://www.thegioididong.com/images/42/71089/microsoft-lumia-640-4-1.jpg"><img class="lazy" title="Microsoft Lumia 640" src="https://cdn2.tgdd.vn/Products/Images/42/71089/microsoft-lumia-640-4-1.jpg" alt="Microsoft Lumia 640" /></a></p>\r\n<p><em>Hệ điều h&agrave;nh với giao diện &ocirc; vu&ocirc;ng v&agrave; phẳng</em></p>\r\n<p><strong>Camera b&igrave;nh d&acirc;n</strong></p>\r\n<p><strong>Lumia 640</strong>&nbsp;được trang bị camera sau 8MP, c&oacute; hỗ trợ đ&egrave;n Flash trợ s&aacute;ng. Đ&acirc;y l&agrave; d&ograve;ng sản phẩm cấp thấp hơn n&ecirc;n chưa được trang bị ống k&iacute;nh Zeiss như đ&agrave;n anh&nbsp;<a title="lumia 640 xl" href="https://www.thegioididong.com/dtdd/microsoft-lumia-640-xl" target="_blank" type="lumia 640 xl"><strong>Lumia 640 XL</strong></a>, tuy nhi&ecirc;n thiết bị cho chất lượng ảnh rất tốt, m&agrave;u ảnh đẹp kh&ocirc;ng c&oacute; sạn hoặc nhiễu khi chụp ở điều kiện thiếu s&aacute;ng.</p>\r\n<p>Camera trước của m&aacute;y c&oacute; độ ph&acirc;n giải chỉ 1MP n&ecirc;n n&oacute; cho chất lượng ảnh tốt ở điều kiện đủ s&aacute;ng, thuận tiện thực hiện cuộc gọi video v&agrave; chụp ảnh chia sẻ trạng th&aacute;i.</p>\r\n<p><a class="preventdefault" href="https://www.thegioididong.com/images/42/71089/microsoft-lumia-640-5-1.jpg"><img class="lazy" title="Microsoft Lumia 640" src="https://cdn4.tgdd.vn/Products/Images/42/71089/microsoft-lumia-640-5-1.jpg" alt="Microsoft Lumia 640" /></a></p>\r\n<p><em>Camera sau kh&ocirc;ng qu&aacute; nổi bật</em></p>\r\n<p><strong>Pin 2500mAh</strong></p>\r\n<p>B&ecirc;n trong&nbsp;<strong>Lumia 640</strong>&nbsp;l&agrave; vi&ecirc;n pin dung lượng 2500mAh, nh&agrave; sản xuất cho biết n&oacute; cho ph&eacute;p m&aacute;y chờ l&ecirc;n đến 35 ng&agrave;y, thời lượng đ&agrave;m thoại l&ecirc;n đến 27.3 giờ, bạn c&oacute; thể lướt web đọc b&aacute;o, cập nhật tin tức l&ecirc;n đến 10.3 giờ. Đối với mức gi&aacute; n&agrave;y c&ugrave;ng chiếc m&agrave;n h&igrave;nh 5 inch th&igrave; vi&ecirc;n pin n&agrave;y rất th&iacute;ch hợp, h&agrave;i l&ograve;ng người d&ugrave;ng.</p>\r\n<p><a class="preventdefault" href="https://www.thegioididong.com/images/42/71089/microsoft-lumia-640-6-1.jpg"><img class="lazy" title="Microsoft Lumia 640" src="https://cdn1.tgdd.vn/Products/Images/42/71089/microsoft-lumia-640-6-1.jpg" alt="Microsoft Lumia 640" /></a></p>\r\n<p><em>Lumia 640 cho thời lượng nghe nhạc đến 86h</em></p>\r\n<p><strong>Lumia 640</strong>&nbsp;l&agrave; một sản phẩm mới nhưng vẫn chưa tạo được nhiều sự kh&aacute;c biệt so với những sản phẩm trước đ&oacute;. Tuy nhi&ecirc;n n&oacute; lại c&oacute; mức gi&aacute; rất hấp dẫn v&agrave; b&ecirc;n trong hệ điều h&agrave;nh Window Phone 8.1 gi&uacute;p &iacute;ch rất nhiều cho người d&ugrave;ng, đặc biệt l&agrave; c&aacute;c chương tr&igrave;nh soạn thảo văn bản, ứng dụng nhắn tin, gọi điện, c&ugrave;ng người trợ l&yacute; ảo Cortana rất th&ocirc;ng minh.</p>', '3690000', 5, '/Uploads/images/dienthoai/Nokia/microsoft-lumia-640-game-400x533-400x533.png', '/Uploads/images/dienthoai/Nokia/microsoft-lumia-640-01.jpg,', 4, 1, '2016-07-24'),
(3, 3, 1, 'Sony Xperia Z3', '<p><em><strong>So với những người tiền nhiệm đ&atilde; rất th&agrave;nh c&ocirc;ng, chiếc Sony Xperia Z3 kh&ocirc;ng g&acirc;y bất ngờ khi ra mắt, do kh&ocirc;ng c&oacute; nhiều sự thay đổi về thiết kế v&agrave; cấu h&igrave;nh. Chiếc Z3 c&oacute; thiết kế si&ecirc;u mỏng, chỉ 7.3mm, sở hữu cấu h&igrave;nh, t&iacute;nh năng hấp dẫn được thừa hưởng từ những đ&agrave;n anh. Z3 kh&ocirc;ng g&acirc;y ấn tượng về sự mới mẻ nhưng sẽ mang đến sự h&agrave;i l&ograve;ng cho người d&ugrave;ng bởi chất lượng, sự cao cấp v&agrave; vượt trội của m&igrave;nh.</strong></em></p>\r\n<p><a class="preventdefault" href="https://www.thegioididong.com/images/42/69698/sony-xperia-z3--4.jpg"><img title="Sony Xperia Z3" src="https://cdn.tgdd.vn/Products/Images/42/69698/sony-xperia-z3--4.jpg" alt="Sony Xperia Z3" /></a><br /><em>Thiết kế Z3 kh&ocirc;ng kh&aacute;c biệt nhiều so với đ&agrave;n anh</em></p>\r\n<h3>&nbsp;</h3>\r\n<h3>Thiết kế đẹp mắt , si&ecirc;u mỏng, si&ecirc;u nhẹ</h3>\r\n<p>Kh&ocirc;ng bất ngờ với vẻ ngo&agrave;i bảnh bao, sang trọng của Z3 v&igrave; sản phẩm tương tự như đ&agrave;n anh Z1, Z2 của m&igrave;nh. Xperia Z3 vu&ocirc;ng vắn, khỏe, v&agrave; chắc chắn. Khi cầm v&agrave;o, bạn sẽ cảm nhận rất r&otilde; sự mạnh mẽ, nam t&iacute;nh đ&oacute;.</p>\r\n<p>Khung m&aacute;y được l&agrave;m bằng nh&ocirc;m, chất liệu cao cấp mang đến vẻ ngo&agrave;i s&aacute;ng b&oacute;ng, rất cao cấp, xứng tầm một si&ecirc;u phẩm. Một n&eacute;t đặc biệt, 4 g&oacute;c m&aacute;y được bọc nylon đ&agrave;n hồi, một n&eacute;t thiết kế quen thuộc trong ng&agrave;nh c&ocirc;ng nghiệp xe hơi.</p>\r\n<p><a class="preventdefault" href="https://www.thegioididong.com/images/42/69698/sony-xperia-z3--5.jpg"><img class="lazy" title="Sony Xperia Z3" src="https://cdn2.tgdd.vn/Products/Images/42/69698/sony-xperia-z3--5.jpg" alt="Sony Xperia Z3" /></a></p>\r\n<p>M&aacute;y kh&aacute; mỏng v&agrave; nhẹ, gi&uacute;p người d&ugrave;ng thao t&aacute;c, cầm m&aacute;y thoải m&aacute;i, mang theo người dễ d&agrave;ng. Trọng lượng chỉ 153 g, v&agrave; chỉ d&agrave;y 7.3 mm, Z3 mỏng v&agrave; nhẹ hơn rất nhiều so với c&aacute;c th&ocirc;ng số của Z2 (163g, 8.2 mm)- những con số tại thời điểm ra mắt đ&atilde; gi&uacute;p Z2 ghi điểm với giới c&ocirc;ng nghệ. Thậm ch&iacute;, Z3 c&ograve;n mỏng hơn chiếc iPhone 5S (7.6 mm) v&agrave; đem lại cho si&ecirc;u phẩm năm 2014 của Sony một vẻ ngo&agrave;i thật sự gọn g&agrave;ng, thanh lịch.</p>\r\n<h3>&nbsp;</h3>\r\n<h3>M&agrave;n h&igrave;nh 5.2 inch, Full HD</h3>\r\n<p>M&aacute;y sở hữu m&agrave;n h&igrave;nh&nbsp;<a title="C&aacute;c loại m&agrave;n h&igrave;nh smartphone" href="https://www.thegioididong.com/tin-tuc/loai-man-hinh-tft-lcd-amoled-la-gi--592346" target="_blank">IPS LCD</a>&nbsp;5.2 inch với&nbsp;<a title="độ ph&acirc;n giải m&agrave;n h&igrave;nh Full HD l&agrave; g&igrave;?" href="https://www.thegioididong.com/tin-tuc/do-phan-giai-man-hinh-qhd-hd-fullhd-2k-4k-la-gi--592178" target="_blank">độ ph&acirc;n giải Full HD</a>&nbsp;1080 x 1920 px mang đến chất lượng hiển thị rất mịn m&agrave;ng, sắc n&eacute;t. C&ocirc;ng nghệ chống ch&oacute;i cao cấp gi&uacute;p người d&ugrave;ng thao t&aacute;c với m&aacute;y thuận tiện trong nhiều điều kiện &aacute;nh s&aacute;ng kh&aacute;c nhau, kh&ocirc;ng phản chiếu c&aacute;c vật thể b&ecirc;n ngo&agrave;i. Với chất lượng hiển thị xuất sắc, bạn thoải m&aacute;i xem những bộ phim HD, chơi game đồ họa cao đầy hấp dẫn ngay tr&ecirc;n chiếc smartphone của m&igrave;nh.&nbsp;</p>\r\n<p><a class="preventdefault" href="https://www.thegioididong.com/images/42/69698/sony-xperia-z3-trang-2-10-1.jpg"><img class="lazy" title="Sony Xperia Z3" src="https://cdn4.tgdd.vn/Products/Images/42/69698/sony-xperia-z3-trang-2-10-1.jpg" alt="Sony Xperia Z3" /></a></p>\r\n<h3>&nbsp;</h3>\r\n<h3>Khả năng chống nước</h3>\r\n<p>Sony l&agrave; h&atilde;ng smartphone ti&ecirc;n phong trong việc trang bị, cải tiến li&ecirc;n tục t&iacute;nh năng chống nước, chống bụi bẩn l&ecirc;n những chiếc smartphone của m&igrave;nh. Đặc điểm n&agrave;y trở th&agrave;nh một yếu tố cạnh tranh đ&aacute;ng gi&aacute; của Sony trong ph&acirc;n kh&uacute;c cao cấp, sau đ&oacute;, trở th&agrave;nh một thước đo cho một smartphone đẳng cấp, thời thượng. Xperia Z3 cũng v&igrave; thế, kh&ocirc;ng thể thiếu t&iacute;nh năng quan trọng n&agrave;y. M&aacute;y đạt chuẩn chống nước IP 65/68, so với người anh Z2 đạt chuẩn IP 58, Z3 c&oacute; khả năng chống nước tốt hơn, tương đương với khả năng chống bụi x&acirc;m nhập m&aacute;y, chống lại nước được phun từ mọi hướng đến thiết bị v&agrave; bảo vệ m&aacute;y an to&agrave;n khi được ng&acirc;m dưới nước 1,5m trong 30 ph&uacute;t, kể cả khi jack cắm tai nghe bị hở.</p>\r\n<p><a class="preventdefault" href="https://www.thegioididong.com/images/42/69698/sony-xperia-z3--3.jpg"><img class="lazy" title="Sony Xperia Z3" src="https://cdn1.tgdd.vn/Products/Images/42/69698/sony-xperia-z3--3.jpg" alt="Sony Xperia Z3" /></a></p>\r\n<h3>Cấu h&igrave;nh mạnh mẽ, lướt web chơi game mượt m&agrave;</h3>\r\n<p>M&aacute;y trang bị bộ vi xử l&yacute; Snapdragon 801, 2.5 Ghz,&nbsp;<a title="RAM l&agrave; g&igrave;? " href="https://www.thegioididong.com/tin-tuc/ram-la-gi-bo-nho-kha-dung-la-gi--592228" target="_blank">RAM&nbsp;</a>3 GB c&ugrave;ng pin dung lượng cao 3100 mAh gi&uacute;p &nbsp;người d&ugrave;ng sử dụng m&aacute;y mượt m&agrave; cả ng&agrave;y, chạy c&aacute;c ứng dụng, game hấp dẫn hay đơn giản lướt web nhanh ch&oacute;ng, gửi email bất cứ l&uacute;c n&agrave;o. &nbsp;Z3 đ&atilde; n&acirc;ng cấp tốc độ xử l&yacute; l&ecirc;n 2.5 Ghz so với 2.3 Ghz tr&ecirc;n Z2 gi&uacute;p m&aacute;y hoạt động mạnh mẽ, mượt m&agrave; v&agrave; khả năng xử l&yacute; đồ họa cao hơn đ&agrave;n anh.</p>\r\n<p>Bộ vi xử l&yacute; mạnh mẽ gi&uacute;p người d&ugrave;ng c&oacute; thể sử dụng Z3 để giải tr&iacute;, l&agrave;m việc hiệu quả, nhanh ch&oacute;ng. M&aacute;y c&oacute; tốc độ phản hồi nhanh mọi t&aacute;c vụ của bạn, chuyển đổi c&aacute;c ứng dụng kh&ocirc;ng c&oacute; độ trễ n&agrave;o.</p>\r\n<h3>Camera 20.7MP,&nbsp;<a title="c&aacute;c c&ocirc;ng nghệ chụp ảnh tr&ecirc;n smartphone" href="https://www.thegioididong.com/tin-tuc/cac-cong-nghe-chup-anh-tren-smartphone-592235" target="_blank">c&ocirc;ng ngh&ecirc; chụp ảnh</a>&nbsp;ti&ecirc;n tiến</h3>\r\n<p>Đặc sản của Xperia Z ch&iacute;nh l&agrave; camera độ ph&acirc;n giải khủng c&ugrave;ng những t&iacute;nh năng, phần mềm, c&ocirc;ng nghệ hỗ trợ, mang đến cho người d&ugrave;ng những tấm ảnh chụp bằng điện thoại c&oacute; chất lượng tương đương m&aacute;y ảnh chuy&ecirc;n nghiệp.</p>\r\n<p>Cũng như đ&agrave;n anh của m&igrave;nh, &nbsp;Z3 được trang bị camera độ ph&acirc;n giải khủng 20.7 MP, ISO được tăng tối đa l&ecirc;n đến 12.800 sẽ gi&uacute;p người d&ugrave;ng chụp được những tấm ảnh chất lượng cao, mịn m&agrave;ng, gi&agrave;u m&agrave;u sắc v&agrave; chi tiết. Những đường viền kh&ocirc;ng bị &aacute;m m&agrave;u, sắc n&eacute;t, r&otilde; r&agrave;ng, m&agrave;u trung thực&hellip; ch&iacute;nh l&agrave; những chi tiết mang đến tấm ảnh chất lượng cao khiến bạn h&agrave;i l&ograve;ng. Đồng thời, Z3 c&oacute; khả năng chụp ảnh thiếu s&aacute;ng hiệu quả hơn hẳn so với những smartphone c&ugrave;ng ph&acirc;n kh&uacute;c, kh&ocirc;ng được trang bị dải iso d&agrave;i như Z3.</p>\r\n<p>Mặt kh&aacute;c, camera g&oacute;c rộng đến 25mm gi&uacute;p Z3 chụp ảnh dễ d&agrave;ng hơn trong nhiều điều kiện kh&ocirc;ng gian hẹp, thu được nhiều h&igrave;nh ảnh, chi tiết hơn.</p>\r\n<p><a class="preventdefault" href="https://www.thegioididong.com/images/42/69698/sony-xperia-z3--2.jpg"><img class="lazy" title="Sony Xperia Z3" src="https://cdn3.tgdd.vn/Products/Images/42/69698/sony-xperia-z3--2.jpg" alt="" /></a></p>\r\n<p>Ra mắt c&ugrave;ng thời điểm với Galaxy Note 4, v&agrave; sau đ&oacute; kh&ocirc;ng l&acirc;u l&agrave; iPhone 6, Xperia Z3 như một sản phẩm chủ chốt của Sony để tạo một thế c&acirc;n bằng tr&ecirc;n cuộc đua của những si&ecirc;u phẩm. Người d&ugrave;ng y&ecirc;u th&iacute;ch Sony với thiết kế, cấu h&igrave;nh c&ugrave;ng những tấm ảnh chất lượng cao m&agrave; Xperia Z từng mang lại chắc chắn sẽ h&agrave;i l&ograve;ng hơn với Z3 với nhiều cải tiến v&agrave; n&acirc;ng cấp để tốt hơn, mạnh mẽ hơn, đẳng cấp hơn. C&aacute;c kết nối hiện đại như&nbsp;<a title="3G l&agrave; g&igrave;" href="https://www.thegioididong.com/tin-tuc/cac-loai-mang-di-dong-2g-3g-va-4g-590194" target="_blank">3G</a>,&nbsp;<a title="Wifi l&agrave; g&igrave;?" href="https://www.thegioididong.com/tin-tuc/wifi-la-gi-cai-dat-wifi-hotspot-nhu-the-nao--590309" target="_blank">WiFi,</a>&nbsp;<a title="NFC l&agrave; g&igrave;" href="https://www.thegioididong.com/tin-tuc/nfc-la-gi--590273" target="_blank">NFC</a>... gi&uacute;p bạn trải nghiệm tốt nhất tr&ecirc;n smartphone.</p>', '14990000', 10, '/Uploads/images/dienthoai/Sony/sony-xperia-z3-png.png', '/Uploads/images/dienthoai/Sony/sony-xperia-z3--4.jpg,', 2, 1, '2016-07-24'),
(6, 3, 1, 'Sony Xperia Z3 Compact', '<p><em>Ra mắt song song với si&ecirc;u phẩm Xperia Z3 v&agrave; được xem như l&agrave; bản thu nhỏ của si&ecirc;u phẩm n&agrave;y &ndash; Xperia Z3 compact sẽ l&agrave; sự lựa chọn hợp l&yacute; cho người ti&ecirc;u d&ugrave;ng trẻ, năng động muốn tận hưởng c&ocirc;ng nghệ v&agrave; hứa hẹn sẽ l&agrave; chiếc mini&nbsp;<a title="smartphone cao cấp cấu h&igrave;nh cao" href="https://www.thegioididong.com/dtdd" target="_blank">smartphone</a>&nbsp;đ&aacute;ng sở hữu nhất trong m&ugrave;a thu năm nay.</em></p>\r\n<p><a class="preventdefault" href="https://www.thegioididong.com/images/42/69724/sony-xperia-z3-compact-1-14.jpg"><img title="Sony Xperia Z3 Compact" src="https://cdn.tgdd.vn/Products/Images/42/69724/sony-xperia-z3-compact-1-14.jpg" alt="Sony Xperia Z3 Compact" /></a></p>\r\n<p><a class="preventdefault" href="https://www.thegioididong.com/images/42/69724/sony-xperia-z3-compact-1-8.jpg"><img title="Sony Xperia Z3 Compact" src="https://cdn.tgdd.vn/Products/Images/42/69724/sony-xperia-z3-compact-1-8.jpg" alt="Sony Xperia Z3 Compact" /></a></p>\r\n<p><a class="preventdefault" href="https://www.thegioididong.com/images/42/69724/sony-xperia-z3-compact-1-4.jpg"><img title="Sony Xperia Z3 Compact" src="https://cdn.tgdd.vn/Products/Images/42/69724/sony-xperia-z3-compact-1-4.jpg" alt="Sony Xperia Z3 Compact" /></a></p>\r\n<p><a class="preventdefault" href="https://www.thegioididong.com/images/42/69724/sony-xperia-z3-compact-1-5.jpg"><img title="Sony Xperia Z3 Compact" src="https://cdn.tgdd.vn/Products/Images/42/69724/sony-xperia-z3-compact-1-5.jpg" alt="Sony Xperia Z3 Compact" /></a></p>\r\n<p><a class="preventdefault" href="https://www.thegioididong.com/images/42/69724/sony-xperia-z3-compact-1-3.jpg"><img title="Sony Xperia Z3 Compact" src="https://cdn.tgdd.vn/Products/Images/42/69724/sony-xperia-z3-compact-1-3.jpg" alt="Sony Xperia Z3 Compact" /></a></p>\r\n<p><a class="preventdefault" href="https://www.thegioididong.com/images/42/69724/sony-xperia-z3-compact-1-2-1.jpg"><img title="Sony Xperia Z3 Compact" src="https://cdn.tgdd.vn/Products/Images/42/69724/sony-xperia-z3-compact-1-2-1.jpg" alt="Sony Xperia Z3 Compact" /></a></p>\r\n<p><em>Sony Xperia Z3 Compact nhỏ gọn, thiết kế đẹp, bộ khung chắc chắn</em></p>\r\n<h3>&nbsp;</h3>\r\n<h3>Vẻ ngo&agrave;i chắc chắn</h3>\r\n<p><a title="smartphone Sony cao cấp" href="https://www.thegioididong.com/dtdd-sony" target="_blank">Sony&nbsp;</a>Xperia Z3 Compact c&oacute; k&iacute;ch thước kh&aacute; tương đồng với thế hệ trước l&agrave; Sony Xperia Z1 Compact. M&aacute;y vẫn giữ những n&eacute;t đặc trưng trong phong c&aacute;ch thiết kế của Sony đ&oacute; l&agrave; phẳng, vu&ocirc;ng vức, đơn giản v&agrave; tạo cảm gi&aacute;c rất chắc chắn.</p>\r\n<p><a class="preventdefault" href="https://www.thegioididong.com/images/42/69724/sony-xperia-z3-compact-1-9.jpg"><img title="Sony Xperia Z3 Compact" src="https://cdn.tgdd.vn/Products/Images/42/69724/sony-xperia-z3-compact-1-9.jpg" alt="Sony Xperia Z3 Compact" /></a></p>\r\n<p><em>N&eacute;t thiết kế phẳng, vu&ocirc;ng đặc trưng của Sony</em></p>\r\n<p>Cạnh viền của m&aacute;y được phủ một lớp nhựa trong thay v&igrave; sử dụng kim loại, tạo hiệu ứng kh&aacute; đẹp mắt. Chất lượng lắp r&aacute;p v&agrave; cảm gi&aacute;c sử dụng của Xperia Z3 vẫn cho cảm gi&aacute;c cao cấp v&agrave; dễ chịu khi cầm tr&ecirc;n tay. M&aacute;y gọn nhẹ, cầm vừa vặn l&ograve;ng b&agrave;n tay.&nbsp;</p>\r\n<h3>M&agrave;n h&igrave;nh chuẩn HD</h3>\r\n<p>Được n&acirc;ng cấp l&ecirc;n 4.6 inches thay v&igrave; 4.3 inches so với phi&ecirc;n bản cũ &ndash;&nbsp;<a title="smartphone m&agrave;n h&igrave;nh 4.6 inch" href="https://www.thegioididong.com/dtdd?g=khoang-4" target="_blank">m&agrave;n h&igrave;nh&nbsp;</a>của Sony Xperia Z3 Compact sở hữu độ ph&acirc;n giải HD l&agrave; 720p cho chất lượng ảnh sắc n&eacute;t v&agrave; trung thực.</p>\r\n<p><a class="preventdefault" href="https://www.thegioididong.com/images/42/69724/sony-xperia-z3-compact-1-12.jpg"><img title="Sony Xperia Z3 Compact" src="https://cdn.tgdd.vn/Products/Images/42/69724/sony-xperia-z3-compact-1-12.jpg" alt="Sony Xperia Z3 Compact" /></a><br /><em>Thỏa sức tận hưởng t&iacute;nh năng giải tr&iacute; với m&agrave;n h&igrave;nh độ ph&acirc;n giải HD&nbsp;</em></p>\r\n<h3>Phần cứng &ldquo;khủng&rdquo; cho một mini smartphone</h3>\r\n<p>Với vi xử l&yacute; Snapdragon 801 tốc độ 2.5GHz giống như Z3, c&ugrave;ng với dung lượng&nbsp;<a title="RAM l&agrave; g&igrave;" href="https://www.thegioididong.com/tin-tuc/ram-la-gi-bo-nho-kha-dung-la-gi--592228" target="_blank">RAM</a>&nbsp;tới 2 GB &ndash; một lần nữa Xperia Z3 Compact tiếp tục chứng tỏ đ&acirc;y l&agrave; một trong những chiếc smartphone nặng k&yacute; nhất trong cuộc đua c&ocirc;ng nghệ cuối năm.</p>\r\n<p><a class="preventdefault" href="https://www.thegioididong.com/images/42/69724/sony-xperia-z3-compact-1-13.jpg"><img title="Sony Xperia Z3 Compact" src="https://cdn.tgdd.vn/Products/Images/42/69724/sony-xperia-z3-compact-1-13.jpg" alt="Sony Xperia Z3 Compact" /></a><br /><em>CPU 4 nh&acirc;n cho tốc độ xử l&yacute; vượt trội&nbsp;</em></p>\r\n<h3>Camera tương xứng</h3>\r\n<p>Vẫn như người anh của m&igrave;nh, Z3 compact d&ugrave;ng camera ch&iacute;nh c&oacute; độ ph&acirc;n giải 20.7 MP. Chụp ảnh sắc n&eacute;t vốn l&agrave; thế mạnh của d&ograve;ng Xperia, nay để thoả l&ograve;ng c&aacute;c t&iacute;n đồ của m&igrave;nh, Sony c&ograve;n trang bị th&ecirc;m khả năng tăng độ nhạy s&aacute;ng ISO l&ecirc;n tới 12800 &ndash; đảm bảo cho việc chụp ảnh buổi tối trong điều kiện thiếu s&aacute;ng đạt chất lượng cao.</p>\r\n<p><a class="preventdefault" href="https://www.thegioididong.com/images/42/69724/sony-xperia-z3-compact-1-11.jpg"><img title="Sony Xperia Z3 Compact" src="https://cdn.tgdd.vn/Products/Images/42/69724/sony-xperia-z3-compact-1-11.jpg" alt="Sony Xperia Z3 Compact" /></a></p>\r\n<p><a class="preventdefault" href="https://www.thegioididong.com/images/42/69724/sony-xperia-z3-compact-1-1-1.jpg"><img title="Sony Xperia Z3 Compact" src="https://cdn.tgdd.vn/Products/Images/42/69724/sony-xperia-z3-compact-1-1-1.jpg" alt="Sony Xperia Z3 Compact" /></a><br /><em>Chụp ảnh đ&ecirc;m sẽ kh&ocirc;ng c&ograve;n l&agrave; trở ngại qu&aacute; lớn cho người d&ugrave;ng&nbsp;</em></p>\r\n<h3>C&ocirc;ng nghệ bảo vệ vượt trội</h3>\r\n<p>Được thiết kế để mang đến người d&ugrave;ng những trải nghiệm tuyệt vời nhất, Xperia Z3 compact cũng đồng sở hữu khả năng chống chịu bụi bẩn v&agrave; chống thấm nước như những người anh em của m&igrave;nh. Đ&aacute;p ứng ho&agrave;n to&agrave;n những ti&ecirc;u chuẩn chống thấm nước v&agrave; chống bụi IP65 v&agrave; IP68. Theo đ&oacute;, Xperia Z3 compact c&oacute; thể ng&acirc;m nước ở độ s&acirc;u 1,5 m&eacute;t trong 30 ph&uacute;t kể cả khi jack cắm tai nghe bị hở (theo c&ocirc;ng bố của Sony).</p>\r\n<p><a class="preventdefault" href="https://www.thegioididong.com/images/42/69724/sony-xperia-z3-compact-1-15.jpg"><img title="Sony Xperia Z3 Compact" src="https://cdn.tgdd.vn/Products/Images/42/69724/sony-xperia-z3-compact-1-15.jpg" alt="Sony Xperia Z3 Compact" /></a><br /><em>Bảo vệ chắc chắn với c&ocirc;ng nghệ chống nước&nbsp;</em></p>\r\n<h3>Thời lượng pin ấn tượng</h3>\r\n<p>Nhờ&nbsp;<a title="c&aacute;c loại m&agrave;n h&igrave;nh smartphone" href="https://www.thegioididong.com/tin-tuc/loai-man-hinh-tft-lcd-amoled-la-gi--592346" target="_blank">m&agrave;n h&igrave;nh</a>&nbsp;<a title="độ ph&acirc;n giải m&agrave;n h&igrave;nh l&agrave; g&igrave;" href="https://www.thegioididong.com/tin-tuc/do-phan-giai-man-hinh-qhd-hd-fullhd-2k-4k-la-gi--592178" target="_blank">độ ph&acirc;n giải thấp&nbsp;</a>v&agrave; k&iacute;ch thước nhỏ hơn, người d&ugrave;ng ho&agrave;n to&agrave;n c&oacute; thể tr&ocirc;ng đợi thời lượng sử dụng&nbsp; pin của Xperia Z3 Compact sẽ tương đồng với đ&agrave;n anh. V&agrave; theo như nh&agrave; sản xuất c&ocirc;ng bố th&igrave; với chiếc pin 2600 mAh n&agrave;y, người sử dụng c&oacute; thể nghe gọi li&ecirc;n tục 14 giờ v&agrave; thời gian chờ l&ecirc;n tới 960 giờ.</p>\r\n<p><a class="preventdefault" href="https://www.thegioididong.com/images/42/69724/sony-xperia-z3-compact-1-10.jpg"><img title="Sony Xperia Z3 Compact" src="https://cdn.tgdd.vn/Products/Images/42/69724/sony-xperia-z3-compact-1-10.jpg" alt="Sony Xperia Z3 Compact" /></a><br /><em>Thời lượng sử dụng của Z3 compact c&oacute; thểl&ecirc;n tới 2 ng&agrave;y</em></p>\r\n<p>Thiết kế đẹp mắt, chất lượng phần cứng vượt trội c&ugrave;ng những c&ocirc;ng nghệ hiện đại k&egrave;m theo. Đ&acirc;y kh&ocirc;ng chỉ l&agrave; phi&ecirc;n bản thu nhỏ của một si&ecirc;u phẩm m&agrave; bản th&acirc;n n&oacute; cũng đ&atilde; l&agrave; một si&ecirc;u phẩm cho người sử dụng để mắt tới. M&aacute;y kết nối<a title="WiFi l&agrave; g&igrave;" href="https://www.thegioididong.com/tin-tuc/wifi-la-gi-cai-dat-wifi-hotspot-nhu-the-nao--590309" target="_blank">&nbsp;Wifi,</a>&nbsp;<a title="3G l&agrave; g&igrave;" href="https://www.thegioididong.com/tin-tuc/cac-loai-mang-di-dong-2g-3g-va-4g-590194" target="_blank">3G</a>&nbsp;tốc độ cao gi&uacute;p bạn giữ li&ecirc;n lạc, l&agrave;m việc, giải tr&iacute; hiệu quả. Đồng thời, giao thức kết nối 1 chạm&nbsp;<a title="NFC l&agrave; g&igrave;" href="https://www.thegioididong.com/tin-tuc/nfc-la-gi--590273" target="_blank">NFC</a>&nbsp;sẽ gi&uacute;p bạn kết nối nhanh ch&oacute;ng với c&aacute;c thiết bị phụ kiện như tai nghe, truyền tập tin nhanh ch&oacute;ng, tiện lợi v&agrave; thật chuy&ecirc;n nghiệp, đẳng cấp.&nbsp;</p>', '11990000', 10, '/Uploads/images/dienthoai/Sony/sony-xperia-z3-compact-png.png', '/Uploads/images/dienthoai/Sony/sony-xperia-z3-compact-1-14.jpg,/Uploads/images/dienthoai/Sony/sony-xperia-z3-compact-1-14.jpg,/Uploads/images/dienthoai/Sony/sony-xperia-z3-compact-1-14.jpg,', 3, 1, '2016-07-24'),
(7, 6, 1, 'Samsung Galaxy V', '<p><em><strong>Galaxy V l&agrave; chiếc smartphone gi&aacute; rẻ nhất hiện nay của Samsung, g&acirc;y được sự ch&uacute; &yacute; đặc biệt cho người d&ugrave;ng bởi Samsung tuy&ecirc;n bố: "Đ&acirc;y l&agrave; chiếc smartphone với nhiều t&iacute;nh năng v&agrave; ứng dụng độc đ&aacute;o được thiết kế d&agrave;nh ri&ecirc;ng cho người d&ugrave;ng Việt Nam". Những t&iacute;nh năng độc đ&aacute;o được t&iacute;ch hợp trong chiếc&nbsp;<a title="smartphone gi&aacute; rẻ" href="https://www.thegioididong.com/dtdd" target="_blank">smartphone</a>&nbsp;n&agrave;y l&agrave; kết quả của việc nghi&ecirc;n cứu, thấu hiểu thị trường, nhu cầu v&agrave; th&oacute;i quen của người d&ugrave;ng Việt Nam. M&aacute;y chạy hệ điều h&agrave;nh Android,<a title="smartphone 2 sim 2 s&oacute;ng" href="https://www.thegioididong.com/dtdd?f=2-sim-2-song" target="_blank">&nbsp;2 sim 2 s&oacute;ng,&nbsp;</a>trang bị 2 camera,<a title="smartphone 4inch" href="https://www.thegioididong.com/dtdd?g=khoang-4" target="_blank">&nbsp;m&agrave;n h&igrave;nh</a>&nbsp;4 inch, khuếch đại &acirc;m lượng cuộc gọi, Qu&agrave; tặng Galaxy, VOV Giao th&ocirc;ng. M&aacute;y thuộc ph&acirc;n kh&uacute;c tầm trung, th&iacute;ch hợp với người d&ugrave;ng trẻ.</strong></em></p>\r\n<p><a class="preventdefault" href="https://www.thegioididong.com/images/42/69032/Samsung-Galaxy-V.jpg"><img title="Samsung Galaxy V" src="https://cdn1.tgdd.vn/Products/Images/42/69032/Samsung-Galaxy-V.jpg" alt="Samsung Galaxy V" /></a><br />Sản phẩm d&agrave;nh ri&ecirc;ng cho thị trường Việt</p>\r\n<h3><strong>Sản phẩm m&agrave;n h&igrave;nh 4 inch chuẩn mực</strong></h3>\r\n<p>Theo khảo s&aacute;t của Samsung, m&agrave;n h&igrave;nh k&iacute;ch thước 4.0 inch rất được ưa chuộng trong ph&acirc;n kh&uacute;c smartphone gi&aacute; rẻ. Tương tự như Galaxy Trend Lite, Galaxy V được trang bị m&agrave;n h&igrave;nh 4.0 inch,&nbsp;<a title="C&aacute;c c&ocirc;ng nghệ chụp ảnh tr&ecirc;n smartphone" href="https://www.thegioididong.com/tin-tuc/loai-man-hinh-tft-lcd-amoled-la-gi--592346" target="_blank">c&ocirc;ng nghệ m&agrave;n h&igrave;nh</a>&nbsp;TFT 16 triệu m&agrave;u, cảm ứng điện dung đa điểm. M&agrave;n h&igrave;nh hiển thị h&igrave;nh ảnh, m&agrave;u sắc kh&aacute; tốt, &nbsp;<a title="Độ ph&acirc;n giải m&agrave;n h&igrave;nh qHD, HD, FullHD, 2K, 4K l&agrave; g&igrave;?" href="https://www.thegioididong.com/tin-tuc/do-phan-giai-man-hinh-qhd-hd-fullhd-2k-4k-la-gi--592178">độ ph&acirc;n giải</a>&nbsp;480x854 px đ&aacute;p ứng việc duyệt web, xem h&igrave;nh ảnh kh&aacute; ch&acirc;n thực, sống động.</p>\r\n<p><br /><em>M&agrave;n h&igrave;nh 4 inch nhỏ gọn</em></p>\r\n<p>K&iacute;ch thước m&agrave;n h&igrave;nh vừa phải, vừa đủ gọn g&agrave;ng để dễ mang theo, vừa đủ rộng để duyệt web, kiểm tra email, xem phim...&nbsp;</p>\r\n<h3><strong>Hệ điều h&agrave;nh &ldquo;đỉnh&rdquo;</strong></h3>\r\n<p>D&ugrave; thuộc ph&acirc;n kh&uacute;c gi&aacute; rẻ, Galaxy V vẫn chạy hệ điều h&agrave;nh&nbsp;<em><a title="Hệ điều h&agrave;nh Android qua c&aacute;c phi&ecirc;n bản cập nhật" href="https://www.thegioididong.com/tin-tuc/he-dieu-hanh-android-qua-cac-phien-ban-cap-nhat-592544" target="_blank">Android</a></em>&nbsp;4.4 (KitKat),&nbsp;<a title="RAM l&agrave; g&igrave;?" href="https://www.thegioididong.com/tin-tuc/ram-la-gi-bo-nho-kha-dung-la-gi--592228" target="_blank">RAM</a>&nbsp;512 MB cho khả năng t&ugrave;y biến cao v&agrave; tương th&iacute;ch với nhiều ứng dụng,<a title="Game Android" href="https://www.thegioididong.com/game-ung-dung/android" target="_blank">&nbsp;game</a>&nbsp;phổ biến, hấp dẫn nhất hiện nay.&nbsp;Kho ứng dụng, game miễn ph&iacute;, khổng lồ tr&ecirc;n Google Play Store sẵn s&agrave;ng phục vụ bạn trong cả c&ocirc;ng việc lẫn giải tr&iacute;.</p>\r\n<p>&nbsp;</p>\r\n<h3><strong>Thiết kế gọn g&agrave;ng, chất liệu nhựa cao cấp, chắc tay</strong></h3>\r\n<p>D&ugrave; l&agrave; một smartphone c&oacute; gi&aacute; thuộc ph&acirc;n kh&uacute;c rẻ nhất hiện nay, Galaxy V vẫn thể hiện đẳng cấp của thương hiệu Samsung khi được sở hữu bộ khung cứng c&aacute;p, chắc chắn. Chất liệu nhựa cao cấp gi&uacute;p th&acirc;n m&aacute;y c&oacute; độ ho&agrave;n thiện cao, cầm nắm chắc tay.&nbsp;</p>\r\n<p>Cạnh m&aacute;y được viền giả kim loại, mặt lưng l&agrave; m&agrave;u sơn l&igrave;, kh&ocirc;ng b&aacute;m dấu v&acirc;n tay, hạn chế trầy xước. Vẻ ngo&agrave;i của Galaxy V kh&ocirc;ng mang lại cảm gi&aacute;c qu&aacute; nhỏ nhắn, hẫng tay như một số sản phẩm gi&aacute; rẻ kh&aacute;c.&nbsp;</p>\r\n<p>&nbsp;</p>\r\n<p><br /><em>Đường viền giả kim loại sang trọng v&agrave; mặt lưng chống b&aacute;m dấu v&acirc;n tay</em></p>\r\n<h3>&nbsp;</h3>\r\n<h3>Camera sau 3MP c&oacute; đ&egrave;n flash, hỗ trợ camera trước chụp ảnh&nbsp;<a title="Selfie, Wefie l&agrave; g&igrave;? Bạn biết g&igrave; về tr&agrave;o lưu n&agrave;y" href="https://www.thegioididong.com/tin-tuc/selfie-la-gi-ban-biet-gi-ve-trao-luu-nay-582832" target="_blank">selfie</a></h3>\r\n<p>Galaxy V mang đến một thiết bị rất am hiểu nhu cầu người d&ugrave;ng Việt khi trang bị&nbsp;<a title="C&aacute;c c&ocirc;ng nghệ chụp ảnh tr&ecirc;n smartphone" href="https://www.thegioididong.com/tin-tuc/cac-cong-nghe-chup-anh-tren-smartphone-592323" target="_blank">camera</a>&nbsp;trước để người d&ugrave;ng chụp ảnh selfie. Sản phẩm hướng đến người d&ugrave;ng trẻ, c&oacute; nhu cầu chia sẻ h&igrave;nh ảnh, cập nhật th&ocirc;ng tin cao tr&ecirc;n Facebook c&ugrave;ng c&aacute;c mạng x&atilde; hội kh&aacute;c.&nbsp;</p>\r\n<p><br /><em>M&aacute;y trang bị camera trước chụp ảnh selfie, videocall</em></p>\r\n<p><br /><em>Camera sau c&oacute; Flash trợ s&aacute;ng</em></p>\r\n<p>&nbsp;</p>\r\n<h3>Cấu h&igrave;nh kh&aacute;, bộ nhớ mở rộng đến 64GB</h3>\r\n<p>M&aacute;y sở hữu bộ xử l&yacute; 1 nh&acirc;n, tốc độ 1.2 GHz, RAM 512 MB, bộ nhớ trong 4GB c&oacute; thể mở rộng l&ecirc;n 64GB th&ocirc;ng qua thẻ nhớ Micro SD. Dung lượng pin&nbsp;1.500 mAh.&nbsp;đ&aacute;p ứng kh&aacute; tốt c&aacute;c hoạt động của m&aacute;y.&nbsp;</p>\r\n<p>Galaxy V trang bị đầy đủ những kết nối hiện đại v&agrave; cần thiết để bạn c&oacute; thể c&oacute; chia sẻ, cập nhật tức thời mọi hoạt động của m&igrave;nh l&ecirc;n mạng x&atilde; hội. Nghe nhạc, duyệt web online bằng&nbsp;<em><a title="Wifi l&agrave; g&igrave;?" href="https://www.thegioididong.com/tin-tuc/wifi-la-gi-cai-dat-wifi-hotspot-nhu-the-nao--590309" target="_blank">WiFi</a>&nbsp;</em>hay&nbsp;<em><a title="T&igrave;m hiểu c&aacute;c loại mạng di động 2G, 3G v&agrave; 4G" href="https://www.thegioididong.com/tin-tuc/cac-loai-mang-di-dong-2g-3g-va-4g-590194" target="_blank">3G</a></em>, kết nối với tai nghe kh&ocirc;ng d&acirc;y qua&nbsp;<a title="T&igrave;m hiểu c&ocirc;ng nghệ bluetooth" href="https://www.thegioididong.com/tin-tuc/tim-hieu-cong-nghe-bluetooth-590690" target="_blank">Bluetooth</a>... Cuộc sống của bạn sẽ thật sinh động, tiện lợi.</p>\r\n<p><br /><em>Sản phẩm am hiểu nhu cầu người Việt, gi&uacute;p bạn l&agrave;m việc, giải tr&iacute; hiệu quả</em></p>\r\n<p>D&ugrave; vậy, Galaxy V kh&ocirc;ng th&iacute;ch hợp để chiến c&aacute;c game nặng, đ&ograve;i hỏi đồ họa cao hay RAM dung lượng lớn. M&aacute;y c&oacute; thể xảy ra hiện tượng giật, lag hay treo m&aacute;y do qu&aacute; tải.&nbsp;</p>\r\n<p>&nbsp;</p>\r\n<h3><strong>Những điều chỉ c&oacute; ở Galaxy V</strong></h3>', '1790000', 5, '/Uploads/images/dienthoai/SamSung/samsung-galaxy-v-g313-400x533.png', '/Uploads/images/dienthoai/SamSung/samsung-galaxy-v-g313-400x533.png,', 1, 1, '2016-07-24');
INSERT INTO `products` (`Id`, `Category_Id`, `User_Id`, `Product_Name`, `Content_Product`, `Price`, `DissCount`, `Image_Link`, `Image_List`, `Quantities`, `Status`, `Created`) VALUES
(8, 6, 2, 'Samsung Galaxy S4 cũ (99%)', '<div id="characteristic" class="_boxright">\r\n<div class="_highlights hidden-md hidden-sm hidden-xs">\r\n<h2>Đặc điểm nổi bật</h2>\r\n<div class="label-content">\r\n<div id="progress_bar_plus" class="owl-carousel owl-theme owl-loaded">\r\n<div class="owl-stage-outer">\r\n<div class="owl-stage">\r\n<div class="owl-item active">\r\n<div class="item "><img class="img-responsive" src="http://msmobile.com.vn/images/products/2016/05/09/large/galaxy%20s4%20(8).jpg" alt="" /></div>\r\n</div>\r\n<div class="owl-item">\r\n<div class="item "><img class="img-responsive" src="http://msmobile.com.vn/images/products/2016/05/09/large/e12de91066fbdcb18d3e4c3d0f8a1539.jpg" alt="" /></div>\r\n</div>\r\n<div class="owl-item">\r\n<div class="item "><img class="img-responsive" src="http://msmobile.com.vn/images/products/2016/05/09/large/GalaxyS4chinhhang.JPG" alt="" /></div>\r\n</div>\r\n</div>\r\n</div>\r\n<div class="owl-controls">\r\n<div class="owl-nav">\r\n<div class="owl-prev">prev</div>\r\n<div class="owl-next">next</div>\r\n</div>\r\n<div class="owl-dots">&nbsp;</div>\r\n</div>\r\n</div>\r\n</div>\r\n</div>\r\n<div class="_characteristic">\r\n<h2>Th&ocirc;ng số kỹ thuật</h2>\r\n<table class="charactestic_table" border="0" width="100%" cellpadding="5px">\r\n<tbody>\r\n<tr class="tr-0">\r\n<td class="title_charactestic" width="30%">Hệ điều h&agrave;nh</td>\r\n<td class="content_charactestic">Android OS, v4.2.2 (Jelly Bean)</td>\r\n</tr>\r\n<tr class="tr-1">\r\n<td class="title_charactestic" width="30%">M&agrave;n h&igrave;nh rộng</td>\r\n<td class="content_charactestic">1080 x 1920 pixels, Full HD, 5.0 inches</td>\r\n</tr>\r\n<tr class="tr-0">\r\n<td class="title_charactestic" width="30%">Camera sau</td>\r\n<td class="content_charactestic">C&oacute;</td>\r\n</tr>\r\n<tr class="tr-1">\r\n<td class="title_charactestic" width="30%">Camera trước</td>\r\n<td class="content_charactestic">3 MP, 4128 x 3096 pixels</td>\r\n</tr>\r\n<tr class="tr-0">\r\n<td class="title_charactestic" width="30%">RAM</td>\r\n<td class="content_charactestic">2GB RAM</td>\r\n</tr>\r\n<tr class="tr-1">\r\n<td class="title_charactestic" width="30%">Bộ nhớ</td>\r\n<td class="content_charactestic">32 GB</td>\r\n</tr>\r\n<tr class="tr-0">\r\n<td class="title_charactestic" width="30%">Chức năng kh&aacute;c</td>\r\n<td class="content_charactestic">Cảm biến &aacute;nh s&aacute;ng, cảm biến tiệm cận</td>\r\n</tr>\r\n</tbody>\r\n</table>\r\n<a id="load_more_charactestic" href="http://msmobile.com.vn/dien-thoai/samsung-galaxy-s4-cu-p730.html#charactestic_detail" data-toggle="modal">Xem th&ecirc;m bảng cấu h&igrave;nh chi tiết</a></div>\r\n</div>\r\n<div id="boxvideo" class="_boxvideo hidden-md hidden-sm hidden-xs  clearfix">\r\n<h3>Video về sản phẩm</h3>\r\n<div class="_left"><iframe src="https://www.youtube.com/embed/Gu2Di1a3l5c" width="560" height="315" frameborder="0" allowfullscreen="allowfullscreen" data-mce-fragment="1"></iframe></div>\r\n<div class="_right"><iframe src="https://www.youtube.com/embed/VsISS5syA5Y" width="560" height="315" frameborder="0" allowfullscreen="allowfullscreen" data-mce-fragment="1"></iframe></div>\r\n</div>\r\n<div id="boxrelate" class="boxrelate clearfix hidden-md hidden-sm hidden-xs">\r\n<ul class="nav nav-tabs">\r\n<li class="active"><a href="http://msmobile.com.vn/dien-thoai/samsung-galaxy-s4-cu-p730.html#related" data-toggle="tab">TƯƠNG TỰ</a></li>\r\n<li class=""><a href="http://msmobile.com.vn/dien-thoai/samsung-galaxy-s4-cu-p730.html#accessories" data-toggle="tab">PHỤ KIỆN</a></li>\r\n<li class=""><a href="http://msmobile.com.vn/dien-thoai/samsung-galaxy-s4-cu-p730.html#service" data-toggle="tab">DỊCH VỤ</a></li>\r\n</ul>\r\n<div class="tab-content">\r\n<div id="related" class="tab-pane fade in active">\r\n<ul class="relate_products  clearfix">\r\n<li class="item">\r\n<div class="_content"><a title="Samsung Galaxy S6 Edge cũ (99%)" href="http://msmobile.com.vn/dien-thoai/samsung-galaxy-s6-edge-cu-p1211.html"><img class="img-responsive" src="http://msmobile.com.vn/images/products/2016/06/15/resized/samsung-galaxy-s6-edge_1465954078.png" alt="Samsung Galaxy S6 Edge cũ (99%)" /></a>\r\n<h3>Samsung Galaxy S6 Edge cũ (99%)</h3>\r\n<a title="Samsung Galaxy S6 Edge cũ (99%)" href="http://msmobile.com.vn/dien-thoai/samsung-galaxy-s6-edge-cu-p1211.html"><strong>7.350.000đ</strong></a><a class="viewdetail" href="http://msmobile.com.vn/dien-thoai/samsung-galaxy-s6-edge-cu-p1211.html">Xem chi tiết</a></div>\r\n</li>\r\n<li class="item">\r\n<div class="_content"><a title="Samsung Galaxy S6 cũ (99%)" href="http://msmobile.com.vn/dien-thoai/samsung-galaxy-s6-cu-p1210.html"><img class="img-responsive" src="http://msmobile.com.vn/images/products/2016/05/20/resized/samsung-galaxy-s6_1463735586.jpg" alt="Samsung Galaxy S6 cũ (99%)" /></a>\r\n<h3>Samsung Galaxy S6 cũ (99%)</h3>\r\n<a title="Samsung Galaxy S6 cũ (99%)" href="http://msmobile.com.vn/dien-thoai/samsung-galaxy-s6-cu-p1210.html"><strong>5.350.000đ</strong></a><a class="viewdetail" href="http://msmobile.com.vn/dien-thoai/samsung-galaxy-s6-cu-p1210.html">Xem chi tiết</a></div>\r\n</li>\r\n<li class="item">\r\n<div class="_content"><a title="Samsung Galaxy S5 Active" href="http://msmobile.com.vn/dien-thoai/samsung-galaxy-s5-active-p1768.html"><img class="img-responsive" src="http://msmobile.com.vn/images/products/2016/05/20/resized/samsung-galaxy-s5-active_1463735050.png" alt="Samsung Galaxy S5 Active" /></a>\r\n<h3>Samsung Galaxy S5 Active</h3>\r\n<a title="Samsung Galaxy S5 Active" href="http://msmobile.com.vn/dien-thoai/samsung-galaxy-s5-active-p1768.html"><strong>3.950.000đ</strong></a><a class="viewdetail" href="http://msmobile.com.vn/dien-thoai/samsung-galaxy-s5-active-p1768.html">Xem chi tiết</a></div>\r\n</li>\r\n<li class="item">\r\n<div class="_content"><a title="Samsung Galaxy S5 cũ (99%)" href="http://msmobile.com.vn/dien-thoai/samsung-galaxy-s5-cu-moi-99-p1412.html"><img class="img-responsive" src="http://msmobile.com.vn/images/products/2016/05/20/resized/samsung-galaxy-s5_1463734665.jpg" alt="Samsung Galaxy S5 cũ (99%)" /></a>\r\n<h3>Samsung Galaxy S5 cũ (99%)</h3>\r\n<a title="Samsung Galaxy S5 cũ (99%)" href="http://msmobile.com.vn/dien-thoai/samsung-galaxy-s5-cu-moi-99-p1412.html"><strong>3.350.000đ</strong></a><a class="viewdetail" href="http://msmobile.com.vn/dien-thoai/samsung-galaxy-s5-cu-moi-99-p1412.html">Xem chi tiết</a></div>\r\n</li>\r\n</ul>\r\n</div>\r\n</div>\r\n</div>\r\n<div id="boxdesc" class="boxdesc">\r\n<h2>Xem đ&aacute;nh gi&aacute; đầy đủ về Samsung Galaxy S4 cũ (99%)</h2>\r\n<p><strong><a href="http://msmobile.com.vn/dien-thoai/samsung-galaxy-s4-cu-p730.html">Samsung Galaxy S4 cũ</a></strong> với m&agrave;n h&igrave;nh Super AMOLED, 16 triệu m&agrave;u, k&iacute;ch thước 5.0 inches, RAM 2GB, 13 MP...gi&aacute; rẻ nhất H&agrave; Nội, chỉ t&igrave;m thấy ở MSmobile. Galaxy S4 đ&atilde; ra đời kh&aacute; l&acirc;u nhưng vẫn được đ&ocirc;ng đảo người d&ugrave;ng ưa chuộng bởi hiệu năng v&agrave; cấu h&igrave;nh mạnh mẽ m&agrave; sản phẩm đem lại. Nếu bạn l&agrave; fan của d&ograve;ng điện thoại Galaxy nhưng kh&ocirc;ng đủ điều kiện để sở hữu một chiếc S4 mới th&igrave; h&atilde;y chọn cho m&igrave;nh một ch&uacute; dế Samsung Galaxy S4 cũ tại <strong>MSmobile</strong>.</p>\r\n<p><img src="http://msmobile.com.vn/upload_images/images/galaxy%20s4%20(8).jpg" alt="" /></p>\r\n<p>&nbsp;</p>\r\n<h2><strong>Samsung Galaxy S4 đ&aacute;ng để lựa chọn, v&igrave; sao?</strong></h2>\r\n<p>Thiết kế tuyệt mỹ với m&agrave;n h&igrave;nh rộng 5.0 inch với viền cạnh được gia c&ocirc;ng cực kỳ c&ocirc;ng phu v&agrave; tinh xảo, cực mỏng chỉ với 7.9mm tạo n&ecirc;n đẳng cấp cho người d&ugrave;ng.</p>\r\n<p><img src="http://msmobile.com.vn/upload_images/images/galaxy%20s4%20(4).jpg" alt="" /></p>\r\n<p>Cấu h&igrave;nh khủng với RAM 2GB v&agrave; bộ xử l&yacute; 8 nh&acirc;n Exynos 5. <strong>Samsung Galaxy S4 cũ</strong> mang tr&ecirc;n m&igrave;nh chip Exynos 5 Octa 5410 sở hữu 2 bộ l&otilde;i 4 nh&acirc;n cortex - A15 xung nhịp 1.6GHz v&agrave; 4 nh&acirc;n cortex - A7 1.2GHz đem đến khả năng chạy đa nhiệm c&ugrave;ng với hệ điều h&agrave;nh Android mới nhất hiện nay, người d&ugrave;ng c&oacute; thể an t&acirc;m chạy c&aacute;c game 3D nặng nhất m&agrave; kh&ocirc;ng hề giật lag.</p>\r\n<p><img src="http://msmobile.com.vn/upload_images/images/galaxy%20s4%20(2).jpg" alt="" /></p>\r\n<p>Samsung Galaxy S4 cũ c&ograve;n v&ocirc; c&ugrave;ng ấn tượng ở camera trước 13 chấm v&agrave; 1 camera sau 2MP hỗ trợ quay phim full HD 1080@30fps c&ugrave;ng t&iacute;nh năng chụp li&ecirc;n tiếp, xử l&yacute; chụp nhanh, chụp dải s&aacute;ng rộng, khả năng chống rung khi chụp. Ngo&agrave;i ra camera c&ograve;n hỗ trợ đ&egrave;n flash, tự động lấy n&eacute;t v&agrave; nhận diện khu&ocirc;n mặt. Galaxy S4 c&oacute; thể coi l&agrave; lựa chọn tuyệt vời cho những người đam m&ecirc; chụp ảnh.</p>\r\n<p><img src="http://msmobile.com.vn/upload_images/images/galaxy%20s4%20(16).jpg" alt="" /><br />&nbsp;<br />Galaxy S4 được trang bị kết nối 3G với c&ocirc;ng nghệ HSDPA ti&ecirc;n tiến l&ecirc;n đến 42.2Mbps đem đến một tốc độ truyền tải dữ liệu cực nhanh. Wifi của S4 cũng l&agrave; một t&iacute;nh năng tuyệt vời l&agrave;m n&ecirc;n sự th&agrave;nh c&ocirc;ng của d&ograve;ng m&aacute;y n&agrave;y với kết nối Wi-Fi 802.11 a/b/g/n/ac, chuẩn AC si&ecirc;u mạnh, cho tốc độ truyền tải dữ liệu nhanh gấp 3 lần chuẩn N, ngo&agrave;i ra c&ograve;n hỗ trợ t&iacute;nh năng k&ecirc;nh đ&ocirc;i dual-band, Wi-Fi direct, Wi-Fi hotspot cực kỳ tiện dụng cho người d&ugrave;ng. Được đ&aacute;nh gi&aacute; l&agrave; một d&ograve;ng điện thoại giải tr&iacute; đ&aacute;ng mua.</p>\r\n<p>Ngo&agrave;i ra c&ograve;n Galaxy S4 c&ograve;n nhiều t&iacute;nh năng mạnh mẽ kh&aacute;c, h&atilde;y tự m&igrave;nh kh&aacute;m ph&aacute;.</p>\r\n<h2><strong>Mua Samsung Galaxy S4 cũ, bạn được g&igrave;?</strong></h2>\r\n<p>Bạn ho&agrave;n to&agrave;n y&ecirc;n t&acirc;m v&igrave; sản phẩm mới đến 98-99%, hầu như kh&ocirc;ng trầy xước hoặc hư hỏng, c&aacute;c g&oacute;c cạnh đều s&aacute;ng b&oacute;ng, kh&ocirc;ng bị bong tr&oacute;c sơn, được c&aacute;c kỹ thuật vi&ecirc;n của MSmobile test kỹ c&agrave;ng trước khi đưa l&ecirc;n gi&aacute; b&aacute;n.</p>\r\n<p><img src="http://msmobile.com.vn/upload_images/images/galaxy%20s4%20(14).jpg" alt="" /></p>\r\n<p>Với nhiều năm b&aacute;n điện thoại x&aacute;ch tay v&agrave; điện thoại cũ, MSmobile lu&ocirc;n được người d&ugrave;ng tin tưởng v&agrave; lựa chọn với gi&aacute; rẻ nhất H&agrave; Nội, c&ugrave;ng chất lượng v&agrave; chế độ bảo h&agrave;nh v&ocirc; c&ugrave;ng uy t&iacute;n.</p>\r\n<p>Mua Samsung Galaxy S4 cũ ở MSmobile sẽ được bảo h&agrave;nh 12, 1 đổi 1 trong 30 ng&agrave;y đầu &nbsp;h&agrave;nh cả nguồn v&agrave; m&agrave;n h&igrave;nh, 1 đổi 1 trong v&ograve;ng 15 ng&agrave;y đầu ti&ecirc;n.&nbsp;</p>\r\n<p>Ngay tại l&uacute;c n&agrave;y những ai mong muốn sở hữu chiếc điện thoại n&agrave;y đ&atilde; c&oacute; thể đặt h&agrave;ng th&ocirc;ng qua hệ thống của <strong>MSmobile</strong> tại 16&nbsp;Trường Chinh, Đống Đa, H&agrave; Nội . Hoặc th&ocirc;ng qua số điện thoại:</p>\r\n</div>', '1950000', 5, '/Uploads/images/dienthoai/SamSung/samsungs4.jpg', '/Uploads/images/dienthoai/SamSung/samsungs4.jpg,', 2, 1, '2016-08-30'),
(9, 6, 2, 'Samsung Galaxy On5', '<h2>Xem đ&aacute;nh gi&aacute; đầy đủ về Samsung Galaxy On5</h2>\r\n<p>Samsung Galaxy&nbsp;On5 được ra mắt v&agrave;o hồi th&aacute;ng 10/2015 đ&atilde; ch&iacute;nh thức cập bến kệ h&agrave;ng của MSmobile, tập trung v&agrave;o kh&aacute;ch h&agrave;ng mục ti&ecirc;u l&agrave; giới trẻ với mức gi&aacute; tầm trung cực kỳ dễ chịu. Đ&acirc;y l&agrave; bước đi chiến lược của g&atilde; khổng lồ đền từ H&agrave;n Quốc Samsung để kh&ocirc;ng bỏ qua ph&acirc;n kh&uacute;c smartphone gi&aacute; rẻ hiện đang rất tiềm năng. C&ugrave;ng c&oacute; c&aacute;i nh&igrave;n cận cảnh về Samsung Galaxy On5 để xem n&oacute; đ&atilde; được x&acirc;y dựng, thiết kế như thế n&agrave;o để chinh phục người d&ugrave;ng th&ocirc;ng qua b&agrave;i viết sau.</p>\r\n<p><strong>Thiết kế Samsung Galaxy On5</strong></p>\r\n<p><img src="http://msmobile.com.vn/upload_images/images/galaxy%20on5%20(8).jpg" alt="" /></p>\r\n<p>Samsung đ&atilde; tối giản ng&ocirc;n ngữ thiết kế của m&igrave;nh tr&ecirc;n Samsung Galaxy On5, kh&ocirc;ng pha lẫn c&aacute;c chất liệu hỗn hợp nhưng vẫn mang đến c&aacute;i nh&igrave;n tổng thể thanh lịch. Khi cầm m&aacute;y tr&ecirc;n tay bạn sẽ cảm thấy rất chắc chắn với c&aacute;c đường cong v&aacute;t nhẹ từ mặt lưng ra hai b&ecirc;n đường viền. N&uacute;t nguồn v&agrave; n&uacute;t điều chỉnh &acirc;m lượng nằm ở cạnh phải trong khi cạnh tr&aacute;i được bố tr&iacute; cổng USB c&ograve;n jack cắm tai nghe, microphone, cổng microUSB đều nằm ở cạnh dưới rất dễ để điều khiển bằng một tay.</p>\r\n<p>Nh&igrave;n chung với k&iacute;ch thước tổng thể 142.3 x 72.1 x 8.5 mm, trọng lượng 149 gam, Samsung Galaxy On5 được thiết kế kh&aacute; gọn g&agrave;ng, đơn giản nhưng kh&ocirc;ng k&eacute;m phần mạnh mẽ.</p>\r\n<p><strong>M&agrave;n h&igrave;nh Samsung Galaxy On5</strong></p>\r\n<p><img src="http://msmobile.com.vn/upload_images/images/galaxy%20on5%20(12).jpg" alt="" /></p>\r\n<p>Chiếc điện thoại n&agrave;y đi k&egrave;m với m&agrave;n h&igrave;nh TFT, k&iacute;ch thước 5 inch, độ ph&acirc;n giải 720 x 1280 pixel v&agrave; mật độ điểm ảnh 288 ppi. C&aacute;c trải nghiệm cho thấy chất lượng hiển thị tươi s&aacute;ng, g&oacute;c nh&igrave;n tốt, m&agrave;u sắc sống động, đặc biệt l&agrave; người d&ugrave;ng vẫn c&oacute; thể dễ d&agrave;ng sử dụng Samsung Galaxy On5 trong điều kiện &aacute;nh s&aacute;ng mặt trời. So với những đối thủ kh&aacute;c trong c&ugrave;ng ph&acirc;n kh&uacute;c th&igrave; chiến binh của Samsung thể hiện m&igrave;nh kh&aacute; ấn tượng trong kh&iacute;a cạnh n&agrave;y.</p>\r\n<p>Với giao diện TouchWiz quen thuộc của Samsung đ&atilde; được cải thiện, tối ưu h&oacute;a, b&acirc;y giờ mọi thao t&aacute;c đều được lướt một c&aacute;ch nhẹ nh&agrave;ng v&agrave; mượt m&agrave;, tốc độ phản hồi nhanh ch&oacute;ng, đủ sức khiến người d&ugrave;ng h&agrave;i l&ograve;ng.</p>\r\n<p><strong>Hiệu năng</strong></p>\r\n<p><img src="http://msmobile.com.vn/upload_images/images/galaxy%20on5%20(1).jpg" alt="" /></p>\r\n<p>Samsung Galaxy On5 được t&iacute;ch hợp bộ vi xử l&yacute; Exynos 3475 c&acirc;y nh&agrave; l&aacute; vườn, tốc độ xung nhịp 1.3 GHz, bộ nhớ trong 8 GB, dung lượng RAM 1.5 GB RAM nhưng hỗ trợ bộ nhớ ngo&agrave;i l&ecirc;n đến 128 GB. Chipset n&agrave;y tương đương với Snapdragon 410 trong kh&iacute;a cạnh chơi game cũng như tải c&aacute;c h&igrave;nh ảnh động k&iacute;ch thước lớn tr&ecirc;n giao diện v&agrave; ứng dụng. Mọi thứ đều mượt m&agrave;, ổn định hơn nhiều so với mức gi&aacute; m&agrave; n&oacute; đang nắm giữ tr&ecirc;n kệ h&agrave;ng của MSmobile.</p>\r\n<p><strong>Kh&iacute;a cạnh m&aacute;y ảnh</strong></p>\r\n<p><img src="http://msmobile.com.vn/upload_images/images/galaxy%20on5%20(10).jpg" alt="" /></p>\r\n<p>Samsung Galaxy On5 được t&iacute;ch hợp một cảm biến 8 MP ở mặt sau, khẩu độ ống k&iacute;nh f/2.2, hỗ trợ đ&egrave;n flash LED v&agrave; một camera phụ 5 MP ở mặt trước. Samsung đ&atilde; gắn kết được một điểm cộng đ&aacute;ng kể cho chiếc smartphone tầm trung của m&igrave;nh v&igrave; h&igrave;nh ảnh được lưu giữ từ thiết bị thể hiện ổn định, độ c&acirc;n bằng trắng v&agrave; độ b&atilde;o h&ograve;a tốt. Điều đặc biệt l&agrave; m&aacute;y thu s&aacute;ng tốt, giao diện m&aacute;y ảnh th&acirc;n thiện, dễ sử dụng với c&aacute;c chế độ Auto, Manual, Panorama v&agrave; Continous Shot.</p>\r\n<p><strong>Thời lượng pin</strong></p>\r\n<p><img src="http://msmobile.com.vn/upload_images/images/galaxy%20on5%20(9).jpg" alt="" /></p>\r\n<p>Samsung trang bị cho Samsung Galaxy On5 một vi&ecirc;n pin Li-Ion 2600 mAh c&oacute; thể th&aacute;o rời hoạt động kh&aacute; nhịp nh&agrave;ng với m&agrave;n h&igrave;nh v&agrave; chipset, cung cấp thời lượng pin cho hơn một ng&agrave;y sử dụng. B&ecirc;n cạnh đ&oacute;, người d&ugrave;ng ho&agrave;n to&agrave;n c&oacute; thể k&iacute;ch hoạt chế độ tiết kiệm pin để c&oacute; thể đồng h&agrave;nh trong thời gian l&acirc;u d&agrave;i hơn với Samsung Galaxy On5.</p>\r\n<p><img src="http://msmobile.com.vn/upload_images/images/galaxy%20on5%20(14)(1).jpg" alt="" /></p>\r\n<p><strong>Kết luận</strong></p>\r\n<p>Samsung Galaxy On5 hứa hẹn sẽ l&agrave; một trong những đối trọng đ&aacute;ng gờm trong ph&acirc;n kh&uacute;c smartphone tầm trung, đảm bảo được mọi yếu tố từ thiết kế, cấu h&igrave;nh, m&aacute;y ảnh v&agrave; thời lượng pin. Hiện nay chiếc điện thoại n&agrave;y đ&atilde; c&oacute; mặt tr&ecirc;n kệ h&agrave;ng của MSmobile n&ecirc;n người d&ugrave;ng c&oacute; thể trực tiếp qua: 16 Trường Chinh/ 54 Trần Đăng Ninh hoặc li&ecirc;n hệ theo hotline: 0906 655 655 - 0913 210 210 để được tư vấn v&agrave; đặt mua sản phẩm. Ch&uacute;c c&aacute;c bạn lựa chọn được dế cưng như &yacute;!</p>', '2550000', 5, '/Uploads/images/dienthoai/SamSung/samsung-galaxy-on5.jpg', '/Uploads/images/dienthoai/SamSung/samsung-galaxy-on5.jpg,', 1, 1, '2016-08-30'),
(10, 2, 3, 'LG G5 F700', '<h1>Đ&Acirc;Y L&Agrave; CHIẾC LG G5 F700&nbsp;HÀN QU&Ocirc;́C&nbsp;X&Aacute;CH TAY ĐẦU TI&Ecirc;N C&Oacute; MẶT TẠI THỊ TRƯỜNG DI ĐỘNG TRONG NƯỚC. M&Aacute;Y ĐƯỢC B&Aacute;N RA VỚI MỨC GI&Aacute; 16,68 TRIỆU ĐỒNG VÀ DO HUCA ĐƯA V&Ecirc;̀ CHO BÁO C&Ocirc;NG NGH&Ecirc;̣&nbsp;TECHZ REVIEW.</h1>\r\n<p>&nbsp;</p>\r\n<p><img src="https://huca.vn/public/files/editor/images/g51.jpg" alt="" data-pagespeed-url-hash="3398772377" /></p>\r\n<p>Chiếc LG G5 Hàn qu&ocirc;́c có mã là F700 và tương tự cũng do 3 nhà mạng là SK, KT và LG ph&acirc;n ph&ocirc;́i, sử dụng vi xử l&yacute; Qualcomm Snapdragon 820 v&agrave; 4GB RAM, đ&acirc;y l&agrave; phi&ecirc;n bản c&oacute; cấu h&igrave;nh mạnh nhất chứ kh&ocirc;ng bị r&uacute;t gọn như chiếc LG G5 sử dụng chip Snapdragon 652, ram 3G&nbsp;vừa được giới thiệu ở Việt Nam v&agrave;o cuối th&aacute;ng trước.&nbsp;Chipset l&otilde;i tứ n&agrave;y cũng l&agrave; lựa chọn của hầu hết c&aacute;c smartphone đầu bảng ra mắt tại triển l&atilde;m MWC năm nay. So với thế hệ Snapdragon 810, 820 được cho l&agrave; c&oacute; hiệu suất xử l&yacute; dữ liệu cao hơn 30% v&agrave; đồ họa mạnh hơn 60%, trong khi khả năng tiết kiệm pin lại tốt hơn. Chipset n&agrave;y kết hợp c&ugrave;ng RAM 4GB, GPU Adreno 530 v&agrave; bộ nhớ trong 32GB gi&uacute;p G5 đảm bảo một chỗ trong Top những smartphone mạnh nhất hiện h&agrave;nh.</p>\r\n<p><img src="https://huca.vn/public/files/editor/images/14(2).jpg" alt="" data-pagespeed-url-hash="2101698518" /></p>\r\n<p>Th&ocirc;ng số kỹ thuật còn lại&nbsp;l&agrave; m&agrave;n h&igrave;nh 5.3 inch độ ph&acirc;n giải 4K, 32GB bộ nhớ trong hỗ trợ thẻ nhớ microSD dung lượng đ&ecirc;́n&nbsp;200GB. LG&nbsp;G5 F700 vẫn sở hữu m&agrave;n h&igrave;nh QHD giống như c&aacute;c model tiền nhiệm, nhưng m&agrave;n h&igrave;nh của n&oacute; nhỏ hơn một ch&uacute;t so với G4 v&agrave; G3 (5.3 inch so với 5.5 inch). LG vẫn lựa chọn c&ocirc;ng nghệ IPS-LCD d&ugrave; đ&atilde; trang bị t&iacute;nh năng mới Always On (lu&ocirc;n bật) cho m&aacute;y. Điều n&agrave;y khiến một số người nghi ngại về mức độ tốn pin, bởi kh&aacute;c với m&agrave;n h&igrave;nh AMOLED chỉ bật s&aacute;ng một số &iacute;t điểm ảnh để hiển thị th&ocirc;ng tin, IPS c&oacute; xu hướng bật to&agrave;n bộ khu vực m&agrave;n h&igrave;nh.</p>\r\n<p>Tuy nhi&ecirc;n, LG khẳng định t&iacute;nh năng hiển thị giờ, ng&agrave;y, cuộc gọi nhỡ, email, tin nhắn v&agrave; th&ocirc;ng b&aacute;o m&agrave; kh&ocirc;ng cần phải đ&aacute;nh thức to&agrave;n bộ điện thoại n&agrave;y chỉ ti&ecirc;u thụ khoảng 0.8% lượng pin/giờ.</p>\r\n<p>G5 c&ograve;n c&oacute; chế độ xem Ban ng&agrave;y (Daylight) để cải thiện khả năng quan s&aacute;t dưới nắng. M&aacute;y c&oacute; thể tự động nhận định điều kiện &aacute;nh s&aacute;ng v&agrave; điều chỉnh tương ứng, nhờ đ&oacute; m&agrave; độ s&aacute;ng tối đa c&oacute; thể tự động chỉnh l&ecirc;n 850 nit, gi&uacute;p điện thoại khả dụng kể cả khi đang ở ngo&agrave;i trời nắng gắt.</p>\r\n<p><img src="https://huca.vn/public/files/editor/images/20160316_180451_001.jpg" alt="" data-pagespeed-url-hash="1730860855" /></p>\r\n<p>LG được đ&aacute;nh gi&aacute; cao với c&ocirc;ng nghệ camera v&agrave; G5 cũng kh&ocirc;ng phải l&agrave; ngoại lệ. Con dế n&agrave;y c&oacute; 2 camera ch&iacute;nh: 16MP v&agrave; 8MP, trong đ&oacute; camera ch&iacute;nh 16MP c&oacute; ống k&iacute;nh ti&ecirc;u chuẩn 78 độ, c&ograve;n camera c&ograve;n lại sử dụng ống k&iacute;nh g&oacute;c rộng l&ecirc;n tới 135 độ, rộng xấp xỉ 1.7 lần so với c&aacute;c camera smartphone hiện h&agrave;nh. Nhờ vào khả năng đó&nbsp;m&agrave; việc chụp ảnh phong cảnh, c&aacute;c t&ograve;a nh&agrave; cao tầng v&agrave; những nh&oacute;m đ&ocirc;ng người với LG G5 F700 sẽ dễ d&agrave;ng hơn.</p>\r\n<p>Ngo&agrave;i ra, LG cũng trang bị nhiều hiệu ứng hấp dẫn như Pop-out Picture, hiệu ứng phim v&agrave; Auto Shot, cho ph&eacute;p kết hợp ảnh chụp th&ocirc;ng thường với ảnh chụp bằng ống k&iacute;nh g&oacute;c rộng để tạo ra hiệu ứng ảnh lồng trong ảnh.</p>\r\n<p>G5 vẫn c&oacute; một camera mặt trước để phục vụ ảnh selfie với độ ph&acirc;n giải 8MP như b&igrave;nh thường.</p>\r\n<p><img src="https://huca.vn/public/files/editor/images/20160316_180514_001.jpg" alt="" data-pagespeed-url-hash="3386423351" /></p>\r\n<p>Hình chụp bằng camera trước.</p>\r\n<p><img src="https://huca.vn/public/files/editor/images/20160316_181338.jpg" alt="" data-pagespeed-url-hash="2022724612" /></p>\r\n<p>Mặt trước của G5 được thi&ecirc;́t k&ecirc;́ khá đặc bi&ecirc;̣t, khi mặt&nbsp;k&iacute;nh cong 2.5D được LG l&agrave;m cong ở tr&ecirc;n về dưới chứ kh&ocirc;ng phải l&agrave; cong 2 b&ecirc;n như các dòng S của Samsung.</p>\r\n<p><img src="https://huca.vn/public/files/editor/images/g54(2).jpg" alt="" data-pagespeed-url-hash="3833110269" /></p>\r\n<p>Một điểm lạ ở&nbsp;thiết bị n&agrave;y l&agrave; viền benzen kh&aacute; d&agrave;y, kh&ocirc;ng được mỏng nhưng thiết bị tiền nhiệm trước đ&acirc;y l&agrave; LG G2. Có th&ecirc;̉ sẽ kh&ocirc;ng th&acirc;̉m mỹ nhưng lại giúp LG G5 F700 xách tay từ Hàn qu&ocirc;́c này sẽ&nbsp;có đ&ocirc;̣ b&ecirc;̀n cao hơn khi rơi rớt, kh&ocirc;ng d&ecirc;̃ b&ecirc;̉ màn hình như các model G2, G3 hay LG G4.</p>\r\n<p><img src="https://huca.vn/public/files/editor/images/20160316_180323.jpg" alt="" data-pagespeed-url-hash="2917251313" /></p>\r\n<p>&nbsp;</p>\r\n<div>Cạnh tr&ecirc;n của LG G5 F700 bao gồm jack tai nghe 3.5mm, cổng hồng ngoại v&agrave; mic thu &acirc;m.&nbsp;</div>\r\n<p><img src="https://huca.vn/public/files/editor/images/g514(1).jpg" alt="" data-pagespeed-url-hash="2762113817" /></p>\r\n<p>Cạnh dưới c&oacute; sự xuất hiện của cổng USB Type-C, dải loa nằm b&ecirc;n tr&aacute;i v&agrave; b&ecirc;n phải l&agrave; mic thoại.&nbsp;</p>\r\n<p><img src="https://huca.vn/public/files/editor/images/g5pal.jpg" alt="" data-pagespeed-url-hash="3589027375" /></p>\r\n<p>&nbsp;</p>\r\n<p>Cạnh phải l&agrave; nơi xuất hiện của 2 ph&iacute;m tăng giảm &acirc;m lượng, cạnh tr&aacute;i l&agrave; nơi đặt khay SIM. Viền của LG G5 F700&nbsp;được bo cong mềm mại tạo cảm gi&aacute;c cầm dễ chịu, khi c&acirc;̀m tr&ecirc;n tay có cảm giác c&acirc;̀m, nắm r&acirc;́t t&ocirc;́t.</p>\r\n<p><img src="https://huca.vn/public/files/editor/images/g510.jpg" alt="" data-pagespeed-url-hash="3311562597" /></p>\r\n<p>Mặt lưng l&agrave; nơi xuất hiện của cụm camera k&eacute;p, được bao quanh bởi đường diamond cut sang trọng. Theo như các hình ảnh l&ocirc;̣ di&ecirc;̣n trước đ&acirc;y, hoặc theo như tưởng tượng của các bạn thì LG G5 F700 có cam r&acirc;́t l&ocirc;̀i, nhưng thực sự LG G5 có cam chỉ nh&ocirc; l&ecirc;n r&acirc;́t ít, th&acirc;̣m chí là nh&ocirc; l&ecirc;n ít hơn cả Galaxy S7.</p>\r\n<p><img src="https://huca.vn/public/files/editor/images/g58.jpg" alt="" data-pagespeed-url-hash="1165304528" /></p>\r\n<p>Cảm biến v&acirc;n tay sẽ ki&ecirc;m với n&uacute;t nguồn vật l&yacute;, cảm gi&aacute;c bấm rất tốt độ đ&agrave;n hồi cao cho cảm giác chắc chắn khi &acirc;́n vào.&nbsp;</p>\r\n<p><img src="https://huca.vn/public/files/editor/images/20160316_180407.jpg" alt="" data-pagespeed-url-hash="2982319912" /></p>\r\n<p>Giao diện người d&ugrave;ng được LG đưa l&ecirc;n chiếc flagship đầu năm 2016 của họ nh&igrave;n rất trẻ trung với nhiều t&ocirc;ng m&agrave;u s&aacute;ng, c&aacute;c icon được l&agrave;m dưới dạng 3D nổi b&acirc;̣t. Tuy nhi&ecirc;n các phím tắt tr&ecirc;n thanh th&ocirc;ng báo v&acirc;̃n là giao di&ecirc;̣n phẳng.</p>\r\n<p><img src="https://huca.vn/public/files/editor/images/g511.jpg" alt="" data-pagespeed-url-hash="3606062518" /></p>\r\n<p>Cu&ocirc;́i cùng, đi&ecirc;̀u khi&ecirc;́n LG G5 trở thành chi&ecirc;́c smartphone n&ocirc;̉i b&acirc;̣t nh&acirc;́t th&ecirc;́ giới là ph&acirc;̀n tháo rời ở đu&ocirc;i máy:</p>\r\n<p><img src="https://huca.vn/public/files/editor/images/20160316_180745.jpg" alt="" data-pagespeed-url-hash="2597333981" /></p>\r\n<p>Ở ph&iacute;a cạnh tr&aacute;i ta sẽ c&oacute; một n&uacute;t bấm để r&uacute;t module ra, cảm gi&aacute;c bấm của n&uacute;t vật l&yacute; n&agrave;y lại kh&ocirc;ng tốt lắm n&oacute; kh&aacute; cứng.&nbsp;</p>\r\n<p><img src="https://huca.vn/public/files/editor/images/20160316_180808.jpg" alt="" data-pagespeed-url-hash="2518334685" /></p>\r\n<p>Khi r&uacute;t module pin ra trong lượng của G5 rất nhẹ, chẳng kh&aacute;c g&igrave; đang cầm chiếc điện thoại đồ chơi tr&ecirc;n tay cả.</p>\r\n<p><img src="https://huca.vn/public/files/editor/images/20160316_181003.jpg" alt="" data-pagespeed-url-hash="270995083" /></p>\r\n<p>Phụ kiện đi k&egrave;m với LG G5 trong hộp bao gồm c&aacute;p sạc, củ sạc, tai nghe, s&aacute;ch hướng dẫn sử dụng v&agrave; c&ograve;n c&oacute; cả một adaptor chuyển đổi từ USB Type - C sang micro USB th&ocirc;ng thường.</p>\r\n<p><img src="https://huca.vn/public/files/editor/images/g52(1).jpg" alt="" data-pagespeed-url-hash="4196979572" /></p>\r\n<p>Giá bán LG G5 F700 xách tay Hàn qu&ocirc;́c đang có giá t&ocirc;́t nh&acirc;́t Vi&ecirc;̣t Nam tại HUCA, các bạn có th&ecirc;̉ tham khảo giá tại link &nbsp;<strong>http://huca.vn/lg-g5-xach-tay.html</strong></p>\r\n<p>Các bạn có th&ecirc;̉ xem th&ecirc;m m&ocirc;̣t s&ocirc;́ hình ảnh những modul đi kèm với LG G5 mà HUCA đã có dịp trải nghi&ecirc;̣m cũng như c&ocirc;́ gắng đưa v&ecirc;̀ Vi&ecirc;̣t Nam trong thời gian sớm nh&acirc;́t.</p>\r\n<p><img src="https://huca.vn/public/files/editor/images/20160316_180922.jpg" alt="" data-pagespeed-url-hash="3632507318" /></p>\r\n<p><img src="https://huca.vn/public/files/editor/images/20160316_180935.jpg" alt="" data-pagespeed-url-hash="145823772" /></p>\r\n<p><img src="https://huca.vn/public/files/editor/images/20160316_181740.jpg" alt="" data-pagespeed-url-hash="3127991379" /></p>\r\n<p><img src="https://huca.vn/public/files/editor/images/20160316_181742.jpg" alt="" data-pagespeed-url-hash="3716991221" /></p>\r\n<p><img src="https://huca.vn/public/files/editor/images/20160316_182335.jpg" alt="" data-pagespeed-url-hash="3142381852" /></p>\r\n<p><img src="https://huca.vn/public/files/editor/images/20160316_182341.jpg" alt="" data-pagespeed-url-hash="1889166155" /></p>\r\n<p><img src="https://huca.vn/public/files/editor/images/20160316_182349.jpg" alt="" data-pagespeed-url-hash="4245165523" /></p>\r\n<p><img src="https://huca.vn/public/files/editor/images/20160316_182351.jpg" alt="" data-pagespeed-url-hash="1813950142" /></p>\r\n<p><img src="https://huca.vn/public/files/editor/images/20160316_182402.jpg" alt="" data-pagespeed-url-hash="1221167017" /></p>\r\n<p><img src="https://huca.vn/public/files/editor/images/20160316_182408.jpg" alt="" data-pagespeed-url-hash="2988166543" /></p>\r\n<p><img src="https://huca.vn/public/files/editor/images/20160316_190604.jpg" alt="" data-pagespeed-url-hash="4287623560" /></p>\r\n<p><img src="https://huca.vn/public/files/editor/images/20160316_190615.jpg" alt="" data-pagespeed-url-hash="211940172" /></p>\r\n<p><img src="https://huca.vn/public/files/editor/images/20160316_190632.jpg" alt="" data-pagespeed-url-hash="3472975679" /></p>\r\n<p><img src="https://huca.vn/public/files/editor/images/20160316_190649.jpg" alt="" data-pagespeed-url-hash="1164291817" /></p>', '8750000', 5, '/Uploads/images/tintuc/lg-g5-f700.jpg', '/Uploads/images/tintuc/lg-g5-f700.jpg,', 1, 1, '2016-08-31'),
(11, 3, 3, 'Sony Xperia Z3v cũ (99%)', '<p><a href="http://msmobile.com.vn/dien-thoai/sony-xperia-z3v-cu-99-p1494.html">Sony Xperia Z3V</a> l&agrave; chi&ecirc;́c đi&ecirc;̣n thoại phi&ecirc;n bản độc quyền dành ri&ecirc;ng cho nhà mạng Verizon của Mỹ. Tuy là bản sao mới của Sony Xperia Z3 nhưng chi&ecirc;́c Z3V lại mang nhiều nét cải ti&ecirc;́n khác bi&ecirc;̣t v&ecirc;̀ đường n&eacute;t thiết kế cùng như cấu h&igrave;nh ph&acirc;̀n cứng b&ecirc;n trong. Hãy cùng MSmobile khám phá dòng smartphone th&ocirc;ng minh này nhé. Hiện sản phẩm được b&aacute;n tại MSmobile với c&aacute;c mức gi&aacute;:</p>\r\n<h2><strong>Thiết kế bắt mắt, &acirc;́n tượng của Sony Xperia Z3v cũ</strong></h2>\r\n<p>X&eacute;t về mặt hình thức thiết kế, <strong>Sony Xperia Z3V cũ</strong>&nbsp;được người dùng đ&aacute;nh gi&aacute; khá cao. Máy sử dụng ng&ocirc;n ngữ thi&ecirc;́t k&ecirc;́ đặc trung của dòng Xperia nhưng lại mang phong cách r&acirc;́t ri&ecirc;ng có, đ&ocirc;̣c quy&ecirc;̀n của nhà mạng Verizon. Máy dày hơn và cũng có trọng lượng nặng hơn phi&ecirc;n bản Z3 với th&ocirc;ng s&ocirc;́ 8,9mm và 170gram.</p>\r\n<p><a href="http://msmobile.com.vn/dien-thoai/sony-xperia-z3v-cu-99-p1494.html"><img src="http://msmobile.com.vn/upload_images/images/xperia-z3v-black_1435935246.png" alt="" /></a></p>\r\n<p>Với vỏ nh&ocirc;m nguy&ecirc;n khối vừa chắc chắn, vừa sang trọng c&ugrave;ng hai mặt k&iacute;nh cường lực đẳng c&acirc;́p, bóng b&acirc;̉y. <a href="http://msmobile.com.vn/dien-thoai/sony-xperia-z3v-cu-99-p1494.html">Sony Xperia Z3V Verizon</a> đã mang đ&ecirc;́n những trải nghi&ecirc;̣m hoàn hảo và tinh t&ecirc;́ trong từng đường nét, chi ti&ecirc;́t.</p>', '3250000', 0, '/Uploads/images/dienthoai/Sony/sony1.jpg', '/Uploads/images/dienthoai/Sony/sony1.jpg,', 0, 1, '2016-09-22'),
(12, 6, 3, 'Samsung Galaxy J3 Pro', '<p>Samsung Galaxy J3 Pro l&agrave; một trong những bản n&acirc;ng cấp của Galaxy J3 vừa được tr&igrave;nh l&agrave;ng c&aacute;ch đ&acirc;y kh&ocirc;ng l&acirc;u với những cải tiến hơn ho&agrave;n to&agrave;n c&oacute; thể lấp đầy những thiếu s&oacute;t của sản phẩm gốc. H&atilde;y c&ugrave;ng MSmobile dạo một v&ograve;ng v&agrave; đ&aacute;nh gi&aacute; to&agrave;n cảnh về thiết bị n&agrave;y th&ocirc;ng qua b&agrave;i viết sau.</p>\r\n<p><img src="http://msmobile.com.vn/upload_images/images/IMG_9598.JPG" alt="" /></p>\r\n<p><strong>Thiết kế</strong> <strong>Samsung Galaxy J3 Pro</strong></p>\r\n<p>Nh&igrave;n lướt qua người d&ugrave;ng đ&atilde; c&oacute; thể dễ d&agrave;ng nhận thấy n&eacute;t sang trọng, tinh tế hiện r&otilde; tr&ecirc;n sản phẩm Samsung Galaxy J3 Pro. Phần th&acirc;n m&aacute;y dudocj chế t&aacute;c từ chất liệu polycarbonate được giả kim loại s&aacute;ng b&oacute;ng. Thiết kế kh&aacute; đơn giản nhưng lại mang đ&ecirc;n hiệu quả thẩm mỹ cao với c&aacute;c cạnh được v&aacute;t cong, trong khi mặt sau được kh&eacute;o l&eacute;o b&agrave;y tr&iacute; với đ&egrave;n flash nằm đối xứng với camera, ph&iacute;a dưới l&agrave; logo quen thuộc của nh&agrave; sản xuất. M&aacute;y c&oacute; sẵn với hai t&ugrave;y chọn m&agrave;u v&agrave;ng v&agrave; x&aacute;m kh&aacute; hợp với thị hiếu của người ti&ecirc;u d&ugrave;ng.</p>\r\n<p><img src="http://msmobile.com.vn/upload_images/images/IMG_9624.JPG" alt="" /></p>\r\n<p><strong>M&agrave;n h&igrave;nh</strong> <strong>Samsung Galaxy J3 Pro</strong></p>\r\n<p>Samsung quyết định t&iacute;ch hợp cho chiến binh mới của m&igrave;nh m&agrave;n h&igrave;nh Super AMOLED k&iacute;ch thước 5 inch kh&aacute; vừa vặn trong l&ograve;ng b&agrave;n tay v&agrave; độ ph&acirc;n giải HD 1280 x 720 pixel, mật độ điểm ảnh 294 ppi. Samsung Galaxy J3 Pro chạy tr&ecirc;n nền tảng hệ điều h&agrave;nh Android 5.1 với giao diện cực kỳ th&acirc;n thiện, tốc độ phản ứng cực kỳ nhanh nhạy. Viền bezel hai b&ecirc;n m&agrave;n h&igrave;nh cũng đ&atilde; được thu nhỏ đ&aacute;ng kế để gia tăng trải nghiệm, ph&iacute;a dưới l&agrave; sự hiện diện của 3 n&uacute;t điều hướng quen thuộc bao gồm: Back, Home v&agrave; Recent.</p>\r\n<p><img src="http://msmobile.com.vn/upload_images/images/IMG_9616.JPG" alt="" /></p>\r\n<p><strong>Hiệu năng Samsung Galaxy J3 Pro</strong></p>\r\n<p>Samsung Galaxy J3 Pro đi k&egrave;m với một chipset Quad-core 1.2 GHz, c&oacute; bộ nhớ trong 16 GB, hỗ trợ thẻ nhớ ngo&agrave;i 256 GB, ho&agrave;n to&agrave;n c&oacute; thể dễ d&agrave;ng xử l&yacute; c&aacute;c t&aacute;c vụ th&ocirc;ng thường m&agrave; một người d&ugrave;ng cơ bản cần đến. Sự hỗ trợ đắc lực của dung lượng RAM 2 GB cũng mang đến thao t&aacute;c nhanh hơn trong đa t&aacute;c vụ. B&ecirc;n cạnh đ&oacute;, với tr&igrave;nh quản l&yacute; th&ocirc;ng minh, người d&ugrave;ng c&oacute; thể dễ d&agrave;ng theo d&otilde;i, quản l&yacute; t&iacute;nh bảo mật, t&igrave;nh trạng điện thoại trong nh&aacute;y mắt một c&aacute;ch dễ d&agrave;ng v&agrave; ho&agrave;n hảo nhất.</p>\r\n<p><strong>M&aacute;y ảnh &ndash; Thời lượng pin</strong></p>\r\n<p><img src="http://msmobile.com.vn/upload_images/images/IMG_9595.JPG" alt="" /></p>\r\n<p><img src="http://msmobile.com.vn/upload_images/images/IMG_9608.JPG" alt="" /></p>\r\n<p><img src="http://msmobile.com.vn/upload_images/images/IMG_9618.JPG" alt="" /></p>\r\n<p>Samsung Galaxy J3 Pro được trang bị một cảm biến 8 MP, khẩu độ f/2.2 ở mặt sau v&agrave; camera selfie 5 MP c&oacute; c&ugrave;ng khẩu độ ở mặt trước. Những chỉ số n&agrave;y ho&agrave;n to&agrave;n c&oacute; thể đ&aacute;p ứng được nhu cầu sử dụng của người ti&ecirc;u d&ugrave;ng trong ph&acirc;n kh&uacute;c gi&aacute; rẻ một c&aacute;ch tuyệt vời nhất.</p>\r\n<p>Vi&ecirc;n pin Li-Ion 2600 mAh c&oacute; thể th&aacute;o rời cũng l&agrave; một trong những nh&acirc;n tố mang đến thời lượng pin đủ d&ugrave;ng cho một ng&agrave;y sử dụng khi người d&ugrave;ng kh&eacute;o l&eacute;o đan xen c&aacute;c t&aacute;c vụ.</p>', '2650000', 0, '/Uploads/images/dienthoai/Sony/samsungj3pro.jpg', '/Uploads/images/dienthoai/Sony/shell1.jpg,', 0, 1, '2016-09-22'),
(13, 6, 3, 'Samsung Galaxy A7 2 sim A7100 (2016)', '<div>Trước những h&igrave;nh ảnh đầu ti&ecirc;n của chiếc điện thoại iPhone 7 m&agrave; nh&agrave; Apple vừa c&ocirc;ng bố một v&agrave;i giờ trước đ&acirc;y, nh&agrave; sản xuất Samsung cũng ch&iacute;nh thức l&ecirc;n tiếng về si&ecirc;u phẩm đẳng cấp nhất d&ograve;ng A của m&igrave;nh, đ&oacute; ch&iacute;nh l&agrave; c&aacute;i t&ecirc;n <strong><a href="http://msmobile.com.vn/dien-thoai/samsung-galaxy-a7-2-sim-a7100-2016-p2430.html">Samsung Galaxy A7 2016 </a></strong>hay ch&iacute;nh x&aacute;c hơn đ&oacute; l&agrave; <strong>Samsung Galaxy A7 2 sim A7100 (2016)</strong>. Vậy si&ecirc;u phẩm n&agrave;y c&oacute; g&igrave; đặc biệt, n&oacute; c&oacute; đủ sức để cạnh tranh với &ocirc;ng ho&agrave;ng smartphone thế hệ t&aacute;o thứ 7? H&atilde;y c&ugrave;ng kh&aacute;m ph&aacute; nh&eacute; <strong>Galaxy A7 2016</strong> v&agrave; gi&aacute; sản phẩm nh&eacute;.<br /><br />L&agrave; một si&ecirc;u phẩm được đ&aacute;nh gi&aacute; v&ocirc; c&ugrave;ng chất lượng v&agrave; đẳng cấp, Samsung Galaxy A7 2016, sở hữu nhiều t&iacute;nh năng vượt trội đặc biệt so với người tiền nhiệm A3, A5. Theo c&aacute;c th&ocirc;ng số kĩ thuật cho thấy, Galaxy A7 (6) &ndash; t&ecirc;n gọi tắt của Samsung Galaxy A7 2 sim A7100 (2016) sẽ c&oacute; một m&agrave;n h&igrave;nh lớn hơn, sắc n&eacute;t hơn, với những chi tiết thiết kế tinh tế, sang trọng c&ugrave;ng một cấu h&igrave;nh phần cứng ưu việt nhất. Chắc chắn, Galaxy A7 2016 sẽ l&agrave; một trong những ứng cử vi&ecirc;n suốt sắc nhất ở ph&acirc;n kh&uacute;c điện thoại &ldquo;cận cao cấp&rdquo; tr&ecirc;n thị trường hiện nay.</div>\r\n<h2><strong>Thiết kế mang t&iacute;nh đột ph&aacute; của Galaxy A7 2016</strong><br /><br />Ngoại h&igrave;nh l&agrave; điều đầu ti&ecirc;n khi người ta nh&igrave;n v&agrave;o v&agrave; đ&aacute;nh gi&aacute; bất kỳ một sản phẩm c&ocirc;ng nghệ n&agrave;o. V&agrave; Galaxy A7 2016 đ&atilde; l&agrave;m được điều đ&oacute; một c&aacute;ch xuất sắc. N&oacute; mang đến người d&ugrave;ng một ấn tượng với ngoại h&igrave;nh tốt, thon gọn, bắt mắt... Số đo &ldquo;3 v&ograve;ng&rdquo; chuẩn quốc tế: 151,5 x 74,1 x 7,3 mm v&agrave; chỉ nặng 172g.N&oacute; được cấu th&agrave;nh từ chất liệu nh&ocirc;m v&agrave; k&iacute;nh sang trọng, tạo n&ecirc;n vẻ b&oacute;ng bẩy đến thu h&uacute;t của si&ecirc;u phẩm h&agrave;ng đầu n&agrave;y. Phom d&aacute;ng thiết kế mang hơi hướng One Plus X với hai mặt k&iacute;nh v&agrave; khung nh&ocirc;m ở giữa, phần viền kim loại vu&ocirc;ng vắn với những đường cắt kh&aacute; giống so với người anh em Samsung Galaxy S6.&nbsp;C&oacute; thể n&oacute;i, Samsung Galaxy A7 hội tụ đầy đủ c&aacute;c yếu tố cốt l&otilde;i của một chiếc smartphone cao cấp.</h2>\r\n<p><img src="http://msmobile.com.vn/upload_images/images/Samsung-Galaxy-A7-2016-xach-tay-gia-re-MSmobile%20(9)(1).JPG" alt="Samsung Galaxy A7 x&aacute;ch tay gi&aacute; rẻ" /></p>\r\n<h2><strong>M&agrave;n h&igrave;nh Super AMOLED sắc n&eacute;t</strong></h2>', '5450000', 0, '/Uploads/images/dienthoai/Sony/samsunga7-2sim.jpg', '/Uploads/images/dienthoai/Sony/shellssa7.jpg,', 0, 1, '2016-09-22'),
(14, 6, 3, 'Samsung Galaxy S6 Active cũ (99%)', '<p>Người d&ugrave;ng chắc hẳn kh&ocirc;ng c&ograve;n qu&aacute; lạ lẫm với những bản Active của nh&agrave; Samsung. S4 Active v&agrave; S5 Active đ&atilde; l&agrave; một minh chứng qu&aacute; r&otilde; r&agrave;ng cho sức mạnh v&agrave; tầm v&oacute;c thương hiệu Samsung. V&agrave; Samsung Galaxy S6 Active &ndash; Một si&ecirc;u phẩm được đ&aacute;nh gi&aacute; l&agrave; bản Active gồ ghề nhưng đầy sức mạnh.</p>\r\n<p><img src="http://msmobile.com.vn/upload_images/images/31(25).jpg" alt="" /></p>\r\n<p>Sau một thời gian giới thiệu bản S6 Active, nh&agrave; sản xuất Samsung đ&atilde; thu được những hiệu quả lớn đ&aacute;ng bất ngờ v&agrave; tạo n&ecirc;n một cơn sốt mới tr&ecirc;n thị trường c&ocirc;ng nghệ.Samsung Galaxy S6 Active như một minh chứng của &ocirc;ng lớn c&ocirc;ng nghệ Samsung, thay thế thiết kế sang trọng nhưng mong manh bằng một c&aacute;i nh&igrave;n gồ ghề, bền bỉ nhưng vẫn tương đương về mặt cấu h&igrave;nh.</p>\r\n<p>Hiện nay, Samsung Galaxy S6 Active đ&atilde; ch&iacute;nh thức c&oacute; mặt tr&ecirc;n kệ h&agrave;ng của Msmobile n&ecirc;n người d&ugrave;ng c&oacute; thể trực tiếp qua 54 Trần Đăng Ninh hoặc 16 Trường Chinh để trực tiếp trải nghiệm!</p>\r\n<p><strong>Phần cứng của Samsung Galaxy S6 Active</strong></p>\r\n<p><strong><img src="http://msmobile.com.vn/upload_images/images/32(27).jpg" alt="" /></strong></p>\r\n<p>Như đ&atilde; đề cập ở tr&ecirc;n, phi&ecirc;n bản bổ sung n&agrave;y ho&agrave;n to&agrave;n thay thế ng&ocirc;n ngữ thiết kế phủ k&iacute;nh sang trọng bằng nhựa cứng rắn rỏi, bền bỉ, khung m&aacute;y được chế t&aacute;c từ cao su được v&aacute;t c&aacute;c g&oacute;c cạnh. Mặt sau m&aacute;y, ống k&iacute;nh camera được bảo vệ bởi một khung kim loại, c&aacute;c n&uacute;t bấm điện dung tao nh&atilde; thường thấy tr&ecirc;n Samsung Galaxy S6 cũng được thay thế bằng c&aacute;c n&uacute;t bấm vật l&yacute; cứng tương tự như những sản phẩm Active tiền nhiệm trước đ&oacute;.</p>\r\n<p><strong>T&iacute;nh năng chống nước đạt chuẩn IP68</strong></p>\r\n<p><img src="http://msmobile.com.vn/upload_images/images/22%20(1).jpg" alt="" /></p>\r\n<p>Samsung Galaxy S6 Active c&ograve;n khẳng định độ bền của ch&iacute;nh m&igrave;nh với khả năng kh&aacute;ng nước đạt ti&ecirc;u chuẩn IP68 kh&aacute;ng bụi, chống sốc v&agrave; kh&aacute;ng nước ở độ s&acirc;u 1,5 m&eacute;t trong v&ograve;ng 30 ph&uacute;t. Kh&ocirc;ng chỉ dừng lại đ&oacute;, độ bền của m&aacute;y c&ograve;n được thể hiển qua việc đạt chuẩn MIL-STD-810G: kh&aacute;ng muối, độ ẩm, mưa, chống sốc, bức xạ mặt trời cũng như sốc nhiệt cực kỳ hiệu quả.</p>\r\n<p>Đ&aacute;nh gi&aacute; tổng thể, chắc chắn Samsung đ&atilde; mang đến cho c&aacute;c t&iacute;n đồ c&ocirc;ng nghệ một smartphone ghồ ghề nhưng bền bỉ, rất đ&aacute;ng mang theo b&ecirc;n m&igrave;nh khi th&aacute;m hiểm du lịch hoặc đi c&ocirc;ng t&aacute;c ở những v&ugrave;ng đất xa x&ocirc;i.</p>\r\n<p><strong>Chất lượng m&agrave;n h&igrave;nh h&agrave;ng đầu giới c&ocirc;ng nghệ</strong></p>\r\n<p><strong><img src="http://msmobile.com.vn/upload_images/images/33(38).jpg" alt="" /></strong></p>\r\n<p>Samsung Galaxy S6 Active được t&iacute;ch hợp một m&agrave;n h&igrave;nh Super AMOLED k&iacute;ch thước 5,1 inch, độ ph&acirc;n giải 1440 x 2560 pixel v&agrave; mật độ điểm ảnh l&ecirc;n đến 576 ppi. Đ&acirc;y l&agrave; th&ocirc;ng số đ&atilde; từng hiện hữu tr&ecirc;n Galaxy S6, cung cấp g&oacute;c nh&igrave;n, độ s&aacute;ng, độ tương phản v&agrave; g&oacute;c nh&igrave;n tuyệt vời ngay cả trong điều kiện &aacute;nh s&aacute;ng mặt trời. Samsung l&agrave; một trong những h&atilde;ng điện tử đi ti&ecirc;n phong trong c&ocirc;ng nghệ m&agrave;n h&igrave;nh hiện nay n&ecirc;n việc Samsung Galaxy S6 Active sở hữu chất lượng m&agrave;n h&igrave;nh h&agrave;ng đầu giới c&ocirc;ng nghệ cũng l&agrave; điều ho&agrave;n to&agrave;n c&oacute; thể dự đo&aacute;n được.</p>\r\n<p><strong>Cấu h&igrave;nh đỉnh cao</strong></p>\r\n<p><strong><img src="http://msmobile.com.vn/upload_images/images/34(28).jpg" alt="" /></strong></p>\r\n<p>Samsung quyết định trang bị cho Galaxy S6 Active bộ vi xử l&yacute; Exynos 7420 8 l&otilde;i trong đ&oacute; bao gồm 4 l&otilde;i Cortex-A53 xung nhịp 1.5 GHz v&agrave; 4 l&otilde;i Cortex-A57 xung nhịp 2.1 GHz, card đồ họa Mali-T760, bộ nhớ trong c&oacute; c&aacute;c t&ugrave;y chọn 32/64 GB v&agrave; dung lượng RAM 3 GB. Trong c&aacute;c thử nghiệm đ&aacute;nh gi&aacute; hiệu năng, m&aacute;y c&oacute; thể xử l&yacute; lướt c&aacute;c game cũng như ứng dụng đời mới nhất, đạt kết quả cao trong c&aacute;c b&agrave;i kiểm tra điểm chuẩn. R&otilde; r&agrave;ng, đ&acirc;y l&agrave; một trong những chiếc smartphone khiến người d&ugrave;ng kh&oacute; l&ograve;ng ph&agrave;n n&agrave;n về hiệu suất hoạt động của m&aacute;y.</p>\r\n<p><strong>M&aacute;y ảnh &ndash; Thời lượng pin</strong></p>\r\n<p><img src="http://msmobile.com.vn/upload_images/images/35(18).jpg" alt="" /></p>\r\n<p>C&aacute;c t&iacute;n đồ chụp ảnh sẽ c&oacute; cơ hội được m&atilde;n nh&atilde;n với cảm biến 16 MP ở mặt sau, khẩu độ ống k&iacute;nh f/1.9 với giao diện người d&ugrave;ng th&acirc;n thiện, tốc độ lấy n&eacute;t v&agrave; chụp h&igrave;nh nhanh nhạy. Camera 5 MP ở mặt trước cũng sẽ phục vụ nhu cầu selfie một c&aacute;ch ho&agrave;n hảo nhất.</p>\r\n<p>Với một pin Li-Ion dung lượng 3500 mAh, hỗ trợ t&iacute;nh năng sạc nhanh, sạc kh&ocirc;ng d&acirc;y ti&ecirc;n tiến, người d&ugrave;ng cũng sẽ kh&ocirc;ng phải qu&aacute; lo lắng về thời lượng sử dụng của Samsung Galaxy S6 Active.</p>\r\n<p><strong>C&oacute; n&ecirc;n mua Samsung Galaxy S6 Active? C&acirc;u trả lời thật dễ d&agrave;ng</strong></p>\r\n<p><strong><img src="http://msmobile.com.vn/upload_images/images/36(11).jpg" alt="" /></strong></p>\r\n<p>Đ&aacute;nh gi&aacute; một c&aacute;ch tổng thể, Samsung Galaxy S6 Active l&agrave; một trong những lựa chọn thực sự ho&agrave;n hảo cho những người d&ugrave;ng mong muốn một chiếc smartphone c&oacute; cấu h&igrave;nh đỉnh cao nhưng thiết kế si&ecirc;u bền bỉ. Nếu &ldquo;tr&oacute;t y&ecirc;u&rdquo; chiếc điện thoại n&agrave;y th&igrave; c&ograve;n chần chừ g&igrave; nữa, gọi đến số hotline: 0906.655.655 hoặc 0913.210.210 để được tư vấn v&agrave; đặt h&agrave;ng sản phẩm ngay th&ocirc;i n&agrave;o!</p>', '5950000', 0, '/Uploads/images/dienthoai/Sony/samsungs6ac.jpg', '/Uploads/images/dienthoai/Sony/shelsss6act.jpg,', 0, 1, '2016-09-22'),
(16, 7, 3, 'Nokia Lumia 530', '<h2><strong>Nokia Lumia 530 trẻ trung năng động</strong></h2>\r\n<p><strong><a href="http://msmobile.com.vn/dien-thoai/nokia-lumia-530-p1378.html">Nokia Lumia 530</a></strong> d&agrave;nh cho những người y&ecirc;u th&iacute;ch một chiếc smartphone chạy Windows Phone vơi hai SIM tiện dụng v&agrave; m&agrave;u sắc trẻ trung. Chất liệu m&aacute;y l&agrave;m bằng chất liệu nhựa bền vững, nhẹ chỉ 129g. Thiết kế mặt trước c&acirc;n đối v&agrave; mặt sau bo tr&ograve;n gi&uacute;p m&aacute;y vừa c&oacute; độ thẩm mĩ vừa c&oacute; thể cầm gọn g&agrave;ng v&agrave; thao t&aacute;c gọn g&agrave;ng chỉ với một tay.M&aacute;y sở hữu bộ vi xử l&yacute; Snapdragon 200 l&otilde;i tứ 1,2Ghz, Ram 512 MB v&agrave;&nbsp;Rom 4GB sẽ gi&uacute;p cho việc trải nghiệm của bạn được dễ d&agrave;ng &nbsp;hơn. chạy phi&ecirc;n bản Windows Phone mới nhất v&agrave; c&oacute; sẵn những ứng dụng tuyệt vời nhất. D&ugrave; bạn đang nhắn tin, lướt web hay Facebook, chơi game th&igrave; m&aacute;y lu&ocirc;n đủ khả năng đ&aacute;p ứng dễ d&agrave;ng.</p>\r\n<p><img title="nokia lumia 530 don gian " src="http://msmobile.com.vn/upload_images/images/Nokia-Lumia-530-1.jpg" alt="nokia lumia 530 don gian " /></p>\r\n<p><strong>Cấu h&igrave;nh Nokia Lumia 530 kh&aacute; cao</strong></p>\r\n<p>Về dung lượng lưu trữ, bộ nhớ trong c&oacute; 4GB, lưu trữ đ&aacute;m m&acirc;y miễn ph&iacute; 15GB v&agrave; hỗ trợ thẻ nhớ tối đa l&ecirc;n đến 128GB, cho bạn kh&ocirc;ng gian bộ nhớ rộng lớn.<strong>Lumia 530</strong> sở hữu m&agrave;n h&igrave;nh 4 inch với tỉ lệ khung h&igrave;nh 16:9 v&agrave; độ ph&acirc;n giải 854x480 pixel. Do sử dụng c&ocirc;ng nghệ m&agrave;u sắc độc quyền của điện thoại <strong><a href="http://msmobile.com.vn/san-pham/dien-thoai-135/loc-san-pham:hang-san-xuat-nokia.html">Nokia</a></strong> n&ecirc;n h&igrave;nh ảnh tr&ecirc;n <strong><a href="http://msmobile.com.vn/">Lumia 530</a></strong> đẹp v&agrave; sắc n&eacute;t. Cảm ứng điện dung đa điểm cực nhạy, n&ecirc;n thao t&aacute;c cực kỳ nhanh v&agrave; ch&iacute;nh x&aacute;c.T&iacute;nh năng hai SIM th&ocirc;ng minh, đ&acirc;y l&agrave; một t&iacute;nh năng mới rất hữu &iacute;ch để quản l&yacute; tiền cước di động của bạn. Sử dụng c&aacute;c chức năng chờ v&agrave; chuyển tiếp cuộc gọi giữa hai SIM để lựa chọn SIM ph&ugrave; hợp nhất trong mỗi t&igrave;nh huống.B&agrave;n ph&iacute;m Word Flow cho ph&eacute;p thao t&aacute;c cực nhanh, bạn chỉ cần lướt ng&oacute;n tay tr&ecirc;n m&agrave;n h&igrave;nh v&agrave; nối c&aacute;c chữ lại với nhau để tạo th&agrave;nh một từ. Bạn sẽ ngạc nhi&ecirc;n v&igrave; độ ch&iacute;nh x&aacute;c v&agrave; nhanh nhạy của n&oacute;.</p>\r\n<p><img title="nokia lumia 530 đẹp đẽ đa sắc mầu" src="http://msmobile.com.vn/upload_images/images/Nokia-Lumia-530-3.jpg" alt="nokia lumia 530 đẹp đẽ đa sắc mầu" /></p>\r\n<p><strong>Nokia Lumia 530 c&ugrave;ng nhiều t&iacute;nh năng hấp dẫn</strong></p>\r\n<p>Ngo&agrave;i ra Windows Phone 8.1 đ&atilde; ch&iacute;nh thức t&iacute;ch hợp b&agrave;n ph&iacute;m tiếng Việt với kiểu g&otilde; Telex v&agrave; Vni tr&ecirc;n hệ điều h&agrave;nh của m&igrave;nh đem đến sự tiện dụng v&agrave; gần gũi với người d&ugrave;ng.Bạn sẽ thoải m&aacute;i sử dụng kho ứng dụng đa dạng như Facebook, Zalo, Office, Instagram Beta hay Asphalt 8. Với cấu h&igrave;nh mạnh mẽ v&agrave; một thẻ nhớ ngo&agrave;i, bạn c&oacute; thể chơi những game c&oacute; dung lượng lớn m&agrave; kh&ocirc;ng c&oacute; bất cứ trở ngại n&agrave;o.<strong>Nokia Lumia 530</strong> được c&agrave;i sẵn ứng dụng Bản đồ. Với ứng dụng n&agrave;y bạn c&oacute; thể dễ d&agrave;ng biết vị tr&iacute; của m&igrave;nh ở đ&acirc;u, t&igrave;m một địa điểm cần đến hay xem một lộ tr&igrave;nh để về nh&agrave;. Ứng dụng Bản đồ được sử dụng miễn ph&iacute; v&agrave; bạn xem được th&ocirc;ng tin định vị cả khi trực tuyến v&agrave; offline.&nbsp;</p>', '1750000', 0, '/Uploads/images/dienthoai/Sony/lumia530.jpg', '/Uploads/images/dienthoai/Sony/nokia-lumia-530-shell.jpg,', 0, 1, '2016-09-22');
INSERT INTO `products` (`Id`, `Category_Id`, `User_Id`, `Product_Name`, `Content_Product`, `Price`, `DissCount`, `Image_Link`, `Image_List`, `Quantities`, `Status`, `Created`) VALUES
(17, 7, 3, 'Nokia X', '<p>Nokia Xđược ra đời v&agrave;o năm 2013 v&agrave; sl&agrave; smartphone đầu ti&ecirc;n của h&atilde;ng sử dụng nền tảng Android, kết hợp được những yếu tố như thiết kế tốt, cấu h&igrave;nh ổn, kết nối nhanh, gi&aacute; th&agrave;nh cạnh tranh tr&ecirc;n thị trường hiện nay.</p>\r\n<h2><strong>Thiết kế Nokia X mang&nbsp;đặc trưng của h&atilde;ng</strong></h2>\r\n<p><a href="http://msmobile.com.vn/dien-thoai/nokia-x-p1394.html"><strong>Nokia X</strong></a> c&oacute; thiết kế cứng c&aacute;p, vu&ocirc;ng vắn, tuy kh&ocirc;ng được bo tr&ograve;n 4 g&oacute;c như c&aacute;c d&ograve;ng <a href="http://msmobile.com.vn/san-pham/dien-thoai-135/loc-san-pham:hang-san-xuat-nokia.html"><strong>Nokia</strong></a>&nbsp;trước đ&acirc;y v&agrave; c&oacute;k&iacute;ch thước khoảng115.5 x 63 x 10.4 mm, d&agrave;y hơn c&aacute;c chiếc m&aacute;y kh&aacute;c nhưng m&aacute;y lại kh&aacute; nhẹ chỉ 129 g n&ecirc;n kh&ocirc;ng g&acirc;y qu&aacute; nhiều kh&oacute; khăn cho người d&ugrave;ng.</p>\r\n<p><img title="thiết kế Nokia X đặc trưng" src="http://msmobile.com.vn/upload_images/images/Nokia-x-1.jpg" alt="thiết kế Nokia X đặc trưng" /></p>\r\n<p>Mặt trước của m&aacute;y được thiết kế kh&aacute; đơn giản, ph&iacute;a tr&ecirc;n m&agrave;n h&igrave;nhđược gắn một loa thoại, ngo&agrave;i ra c&ograve;n c&oacute; n&uacute;t bấm vật l&yacute; quay lại ở ph&iacute;a dưới. Mặt sau m&aacute;y được phủ một lớp nhựa nh&aacute;m gi&uacute;p chống b&aacute;m v&acirc;n tay c&ugrave;ng với nhiều m&agrave;u sắc cho bạn c&oacute; nhiều sự lựa chọn hơn. Lớp nhựa n&agrave;y đặc biệt cứng c&aacute;p v&agrave; kh&ocirc;ng dễ bị t&aacute;c động hay trầy xước do c&aacute;c yếu tố b&ecirc;n ngo&agrave;i t&aacute;c động gi&uacute;p người d&ugrave;ng bảo vệ m&aacute;y tốt hơn.C&aacute;c cạnh của <strong>Nokia X</strong> đều được thiết kế kh&aacute; đơn giản. C&aacute;c cạnh đều được gắn ph&iacute;m chức năng hay c&ocirc;ng cụ hỗ trợ nhưcạnh tr&ecirc;n của m&aacute;y bố tr&iacute; jack tai nghe 3.5 mm, cạnh ch&acirc;n m&aacute;y c&oacute; đầu cắm micro USB v&agrave; cạnh phải c&oacute; ph&iacute;m nguồn v&agrave; cụm ph&iacute;m bấm tăng giảm &acirc;m lượng. Cạnh tr&aacute;i của m&aacute;y kh&ocirc;ng được thiết kế g&igrave;, ho&agrave;n to&agrave;n trơn.</p>\r\n<p><strong>M&agrave;n h&igrave;nh hiển thị</strong></p>\r\n<p><strong>Nokia X</strong> được trang bị m&agrave;n h&igrave;nh IPS LCD kh&ocirc;ng lớn, khoảng 4 inch, c&oacute; độ ph&acirc;n giải chỉ l&agrave; 480 x 800 pixels v&agrave; mật độ điểm ảnh ở mức 233 ppi. Do vậy chất lượng hiển thị kh&ocirc;ng cao m&agrave; ở mức trung b&igrave;nh, h&igrave;nh ảnh chưa thật sự sắc n&eacute;t, hơi nhạt m&agrave;u.</p>\r\n<p><strong>Vi xử l&yacute;</strong></p>\r\n<p><strong>Nokia X</strong> được trang bị chip xử l&yacute; Snapdragon S4 l&otilde;i k&eacute;p c&oacute; tốc độ 1GHz của Qualcomm, ngo&agrave;i ra c&ograve;n c&oacute; RAM 512 MB, đ&acirc;y l&agrave; một cấu h&igrave;nh c&oacute; khả năng cạnh tranh với những mẫu smartphone kh&aacute;c trong c&ugrave;ng tầm gi&aacute;. M&aacute;y c&oacute; khả năng chạy c&aacute;c t&aacute;c vụ th&ocirc;ng thường kh&aacute; mượt m&agrave;,nhưng nếu chuyển sang c&aacute;c tr&ograve; chơi 3D hay xem phim trực tuyến th&igrave; c&oacute; thể sẽ c&oacute; hiện tượng giật, laghoặc bị treo m&aacute;y.</p>\r\n<p><img title="Chip l&otilde;i k&eacute;p tr&ecirc;n m&aacute;y" src="http://msmobile.com.vn/upload_images/images/Nokia-x-2.jpg" alt="Chip l&otilde;i k&eacute;p tr&ecirc;n m&aacute;y" /></p>\r\n<p>B&ecirc;n cạnh đ&oacute; chiếc smartphone n&agrave;y c&ograve;n được trang bị bộ nhớ trong 4GB v&agrave; c&oacute; thể mở rộng microSD, microSDHC l&ecirc;n tới 32 GB bằng khe cắm thẻ nhớ.</p>\r\n<p><strong>Camera</strong></p>\r\n<p><strong>Nokia X</strong> kh&ocirc;ng được trang bị camera trước m&agrave; chỉ c&oacute; một chiếc camera sau c&oacute; độ ph&acirc;n giải chỉ 3MP, kh&ocirc;ng được hỗ trợ đ&egrave;n Flash nhưng c&oacute; hỗ trợ quay video 864 x 480 pixels 30 fps với chất lượng video ở mức thấp. Với camera n&agrave;y bạn vẫn c&oacute; thể chụp ảnh v&agrave; quay phim lại những khoảnh khắc cần lưu trữ.</p>\r\n<p><strong>Dung lượng pin</strong></p>\r\n<p>M&aacute;y chỉ được trang bị vi&ecirc;n pin c&oacute; dung lượng ở mức 1500 mAh nhưng với m&agrave;n h&igrave;nh hiển thị tương đối nhỏ v&agrave; sử dụng chip Snapdragon S4 tiết kiệm pin do đ&oacute; cho thời gian sử dụng ấn tượng.Khi đ&agrave;m thoại li&ecirc;n tục v&agrave; c&oacute; kết nối 3G l&ecirc;n tới 10.50 giờ v&agrave; c&oacute; thời gian chờ l&ecirc;n tới 17.0 ng&agrave;y.</p>\r\n<p><img src="http://msmobile.com.vn/upload_images/images/Nokia-x-3.png" alt="" /></p>\r\n<p><strong>Hệ điều h&agrave;nh</strong></p>\r\n<p><a href="http://msmobile.com.vn/"><strong>Nokia X</strong></a> chạy tr&ecirc;n nền tảng hệ điều h&agrave;nh Android, giao diện tr&ecirc;n chiếc điện thoại n&agrave;y kh&ocirc;ng giống với giao điện tr&ecirc;n những chiếc điện thoại Android truyền thống, nhưngvẫn c&oacute; n&eacute;t giống với Windows Phone ở việc giữ ph&iacute;m nguồn rồi trượt m&agrave;n h&igrave;nh xuống để tắt m&aacute;y.</p>', '1540000', 0, '/Uploads/images/dienthoai/Sony/nokia-x.jpg', '/Uploads/images/dienthoai/Sony/shellnokiax.jpg,', 0, 1, '2016-09-22'),
(18, 7, 3, 'Nokia 225', '<p><img title="nokia 225 2 sim 2 s&oacute;ng" src="http://msmobile.com.vn/upload_images/images/nokia-225-3.jpg" alt="nokia 225 2 sim 2 s&oacute;ng" /></p>\r\n<p>Ngo&agrave;i bộ nhớ trong, <strong>Nokia 225</strong> c&ograve;n hỗ trợ người d&ugrave;ng khe cắm thẻ nhớ ngo&agrave;i với microSD dung lượng l&ecirc;n đến 32GB gi&uacute;p tăng cường khả năng lưu trữ tr&ecirc;n m&aacute;y người d&ugrave;ng c&oacute; thể dễ d&agrave;ng lưu trữ những ứng dụng, tr&ograve; chơi y&ecirc;u th&iacute;ch của m&igrave;nh m&agrave; kh&ocirc;ng cần phải lo lắng đến việc hết kh&ocirc;ng gian.</p>\r\n<p><strong>Pin</strong></p>\r\n<p><strong>Nokia 225</strong> được thiết kế c&oacute; vi&ecirc;n pin dung lượng 1200mAh cho thời lượng sử dụng đ&agrave;m thoại l&ecirc;n đến 21h đồng hồ v&agrave; thời gian chờ l&ecirc;n đến 36 ng&agrave;y.C&oacute; thể đ&aacute;nh gi&aacute;<a href="http://msmobile.com.vn/"><strong>Nokia 225</strong></a> l&agrave; sự lựa chọn kh&aacute; tốt cho những người đang muốn t&igrave;m kiếm sảm phẩm ổn định với mức gi&aacute; phải chăng.&nbsp;</p>', '1250000', 0, '/Uploads/images/dienthoai/Sony/nka225.jpg', '/Uploads/images/dienthoai/Sony/nokia-225-shell.jpg,', 0, 1, '2016-09-22'),
(19, 2, 3, 'LG Optimus LTE3 F260', '<h2><strong>Trải nghiệm những t&iacute;nh năng ưu việt tr&ecirc;n LG Optimus LTE3 F260</strong></h2>\r\n<div>&nbsp;</div>\r\n<div><a href="http://msmobile.com.vn/dien-thoai/lg-optimus-lte3-f260-p577.html"><strong>LG Optimus LTE3</strong></a> l&agrave; phi&ecirc;n bản ra đời kh&aacute; th&agrave;nh c&ocirc;ng của nh&agrave; sản xuất <strong><a href="http://msmobile.com.vn/san-pham/dien-thoai-135/loc-san-pham:hang-san-xuat-lg.html">LG</a></strong>. Theo đ&aacute;nh gi&aacute;, LTE3 được coi như người anh em song sinh với <strong>LG Optimus G</strong>. Một ph&eacute;p so s&aacute;nh đơn giản, <strong>LTE 3 v&agrave; Optimus G</strong> đều sử dụng bộ xử l&yacute; Snapdragon S4 tốc độ 1.5Ghz. Tuy nhi&ecirc;n hiệu năng sử dụng của <strong>Optimus G</strong> tốt hơn v&igrave; được trang bị ch&iacute;p l&otilde;i tứ trong khi <strong>LG Optimus LTE3</strong> chỉ l&agrave; chip l&otilde;i k&eacute;p.</div>\r\n<div>&nbsp;</div>\r\n<div>\r\n<p><img src="http://msmobile.com.vn/upload_images/images/20-6/lg-optimus-lte3-f260-1.jpg" alt="" /></p>\r\n<h3><strong>Thiết kế sang trọng</strong></h3>\r\n<p><strong>LG Optimus LTE3 F260</strong> c&oacute; thiết kế kh&aacute; c&acirc;n xứng, c&aacute;c g&oacute;c được bo nhẹ tạo cảm gi&aacute;c cầm chắc tay. Mặt sau l&agrave;m bằng nhựa dẻo chống xước, c&oacute; lớp nh&aacute;m giảm trơn trượt khi cầm nắm. Mặt sau cũng l&agrave; nơi bố tr&iacute; chiếc camera ch&iacute;nh v&agrave; đ&egrave;n Flash, gần cuối đu&ocirc;i m&aacute;y c&oacute; th&ecirc;m m&agrave;ng chu&ocirc;ng thoại v&agrave; logo LG.</p>\r\n<p>M&agrave;n h&igrave;nh<strong> LTE3 F260</strong> chiến phần lớn diện t&iacute;ch bề mặt trước, nhưng với c&ocirc;ng nghệ viền benzen si&ecirc;u mỏng n&ecirc;n người d&ugrave;ng sẽ kh&ocirc;ng cảm thấy qu&aacute; to. Viền được l&agrave;m bằng kim loại s&aacute;ng b&oacute;ng tr&ocirc;ng m&aacute;y rất sang trọng. Ngay b&ecirc;n dưới m&agrave;n h&igrave;nh hiển thị c&oacute; một n&uacute;t cứng home v&agrave; 2 n&uacute;t bấm cảm ứng điện dung.</p>\r\n<p><img src="http://msmobile.com.vn/upload_images/images/20-6/lg-optimus-lte3-f260-4.jpg" alt="" /></p>\r\n<p>Ph&iacute;a tr&ecirc;n m&agrave;n h&igrave;nh hiển thị c&oacute; một m&agrave;ng loa thoại, một cảm biến v&agrave; một camera phụ, ch&uacute;ng được sắp xếp rất c&acirc;n xứng. Cũng giống như c&aacute;c d&ograve;ng điện thoại kh&aacute;c, cạnh tr&aacute;i được bố tr&iacute; ph&iacute;m tăng giảm &acirc;m lượng v&agrave; đặt biệt LG LTE 3 c&oacute; th&ecirc;m một n&uacute;t c&oacute; chức năng chuyển giao diện m&aacute;y về dạng đơn giản dễ sử dụng. Cạnh phải th&igrave; chỉ c&oacute; duy nhất một n&uacute;t nguồn.</p>\r\n<p>Dưới ch&acirc;n m&aacute;y l&agrave; nơi ngự trị của jack cắm sạc, ph&iacute;a b&ecirc;n tr&ecirc;n đỉnh m&aacute;y được bố tr&iacute; jack cắm tai nghe 3.5 mm c&ugrave;ng với một ăng ten, ch&uacute;ng được bố tr&iacute; nằm ở gần 2 g&oacute;c m&aacute;y, đối diện nhau. To&agrave;n bộ viền m&aacute;y được bảo vệ bởi một tấm kim loại s&aacute;ng b&oacute;ng kh&ocirc;ng những tạo n&ecirc;n điểm nhấn trong thiết kế của m&aacute;y m&agrave; c&ograve;n gi&uacute;p cho thiết bị n&agrave;y trở n&ecirc;n chắc chắn hơn, bền bỉ hơn.</p>\r\n<h3><strong>Cấu h&igrave;nh mạnh mẽ ấn tượng</strong></h3>\r\n<p><strong>LG Optimus LTE3 F260</strong> được trang bị vi xử l&yacute; l&otilde;i k&eacute;p Snapdragon S4 tốc độ 1.5 Ghz c&ugrave;ng với chip đồ họa Adreno 225. Với bộ vi xử l&yacute; S4 cho hiệu suất tuyệt vời, tiết kiệm năng lượng gi&uacute;p thời gian hoạt động của pin l&acirc;u hơn.</p>\r\n<p>B&ecirc;n cạnh đ&oacute;, <strong>Optimus LTE3 F260</strong> c&ograve;n được t&iacute;ch hợp 2GB dung lượng RAM, 8GB bộ nhớ trong, hỗ trợ mở rộng bộ nhớ lưu trữ l&ecirc;n tới 32GB th&ocirc;ng qua khe cắm thẻ nhớ microSD. Pin tr&ecirc;n m&aacute;y c&oacute; dung lượng đạt mức 2540 mAh, một mức dung lượng kh&aacute; cao gi&uacute;p cho m&aacute;y c&oacute; thời gian sử dụng ấn tượng. <strong>LTE3 F260</strong> cho thời gian đ&agrave;m thoại li&ecirc;n tục được khoảng 13 giờ v&agrave; cho thời gian chờ l&ecirc;n tới 12.5 ng&agrave;y (300 giờ).</p>\r\n<h3><strong>Trải nghiệm camera cho h&igrave;nh ảnh ch&acirc;n thực</strong></h3>\r\n<p>Cũng giống như c&aacute;c d&ograve;ng điện thoại th&ocirc;ng minh cao cấp hiện nay, <strong>Optimus LTE3 F260</strong> được trang bị hệ thống 2 cảm biến camera, chiếc camera ch&iacute;nh ph&iacute;a sau c&oacute; độ ph&acirc;n giải 8MP kết hợp với đ&egrave;n Flash cho chất lượng ảnh chụp đẹp ở mọi điều kiện &aacute;nh s&aacute;ng, ngay cả khi chụp ảnh trong tối vẫn cho chất lượng tốt, h&igrave;nh ảnh r&otilde; n&eacute;t, m&agrave;u sắc ch&acirc;n thực, kh&ocirc;ng hề c&oacute; độ nhiễu xảy ra.</p>\r\n<p>Chiếc camera phụ ph&iacute;a trước c&oacute; độ ph&acirc;n giải 1.3MP gi&uacute;p hỗ trợ đ&agrave;m thoại video v&agrave; chụp ảnh tự sướng. Camera tr&ecirc;n m&aacute;y c&ograve;n hỗ trợ quay video 1920x1080 (1080p HD), chất lượng video cũng rất tốt, ngay cả khi quay video ở ngo&agrave;i đường phố đ&ocirc;ng đ&uacute;c nhiều tiếng xe cộ vẫn cho ra những đoạn video ho&agrave;n hảo, nhờ c&oacute; t&iacute;nh năng lọc tiếng ồn.</p>\r\n<h3><strong>M&agrave;n h&igrave;nh hiển thị sắc n&eacute;t, giao diện đẹp, t&iacute;nh năng đa dạng.</strong>=</h3>\r\n<p><strong>LTE3 F260</strong> được trang bị m&agrave;n h&igrave;nh hiển thị 4.7 inch với độ ph&acirc;n giải 1280 x 720 pixel c&ugrave;ng c&ocirc;ng nghệ hiển thị IPS LCD. Mật độ điểm ảnh l&ecirc;n tới 312 ppi đem lại h&igrave;nh ảnh sống động, sắc n&eacute;t từng chi tiết. Hiển thị tốt dưới &aacute;nh s&aacute;ng mặt trời, đặc biệt m&aacute;y cho g&oacute;c nh&igrave;n cực rộng nhờ sở hữu c&ocirc;ng nghệ hiển thị IPS LCD.</p>\r\n<p>M&aacute;y chạy tr&ecirc;n nền tảng hệ điều h&agrave;nh Android 4.1.2 Jelly Bean với giao diện Optimus UI độc quyền của LG. Giao diện n&agrave;y c&oacute; nhiều t&iacute;nh năng hữu &iacute;ch, chẳng hạn ứng dụng QuickMemo cho ph&eacute;p người d&ugrave;ng chụp lại c&aacute;c bức ảnh giao diện, QSlide tăng khả năng đa nhiệm, Smart Screen quan s&aacute;t c&aacute;c cử động của người d&ugrave;ng.</p>\r\n<p>B&ecirc;n cạnh đ&oacute;, chiếc điện thoại n&agrave;y cũng hỗ trợ tất cả c&aacute;c nhu cầu thiết yếu hiện nay của người d&ugrave;ng như nhắn tin, gửi email, lướt web, xem video, hỗ trợ Bluetooth 4.0, lịch, đồng hồ với c&aacute;c thiết lập b&aacute;o động, thậm ch&iacute; <strong>LTE3 F260 </strong>c&ograve;n c&oacute; thể thay thế 1 chiếc m&aacute;y t&iacute;nh x&aacute;ch tay hay một m&aacute;y ghi &acirc;m. B&ecirc;n cạnh đ&oacute;, m&aacute;y cũng hỗ trợ t&iacute;nh năng xử l&yacute; lệnh bằng giọng n&oacute;i.</p>\r\n<p>Với giao diện người d&ugrave;ng Optimus 3.0 bạn c&oacute; thể thay đổi h&igrave;nh ảnh c&aacute;c biểu tượng theo bốn chủ đề (Optimus, Biz, Cozywall v&agrave; Marshmallow). Ngo&agrave;i ra, <strong>LTE3 F260</strong>c&ograve;n được trang bị t&iacute;nh năng QSlide tăng khả năng đa nhiệm cho ph&eacute;p bạn xem v&agrave; thay đổi k&iacute;ch thước c&aacute;c ứng dụng, như m&aacute;y nghe nhạc v&agrave; video tr&igrave;nh duyệt, trong khi sử dụng c&aacute;c ứng dụng kh&aacute;c hoặc xem m&agrave;n h&igrave;nh chủ.</p>\r\n<p>&nbsp;</p>\r\n<p><img src="http://msmobile.com.vn/upload_images/images/20-6/lg-optimus-lte3-f260-3.jpg" alt="" /></p>\r\n<p>Cuối c&ugrave;ng, l&agrave; t&iacute;nh năng VuTalk tr&ecirc;n chiếc điện thoại độc đ&aacute;o n&agrave;y. VuTalk cho ph&eacute;p bạn tạo c&aacute;c ch&uacute; th&iacute;ch tr&ecirc;n c&aacute;c t&agrave;i liệu v&agrave; h&igrave;nh ảnh tr&ecirc;n thiết bị di động n&agrave;y ngay trong l&uacute;c bạn đang chia sẻ t&agrave;i liệu v&agrave; h&igrave;nh ảnh đ&oacute; với một thiết bị kh&aacute;c cũng đang k&iacute;ch hoạt t&iacute;nh năng VuTalk th&ocirc;ng qua kết nối Wi-Fi hoặc c&oacute; kết nối mạng.</p>\r\n</div>', '1950000', 0, '/Uploads/images/dienthoai/Sony/lgoptimus1.jpg', '/Uploads/images/dienthoai/Sony/lg-optimus-lte3-f260shell.jpg,', 0, 1, '2016-09-22'),
(20, 6, 3, 'Samsung Galaxy On5', '<p>Samsung Galaxy&nbsp;On5 được ra mắt v&agrave;o hồi th&aacute;ng 10/2015 đ&atilde; ch&iacute;nh thức cập bến kệ h&agrave;ng của MSmobile, tập trung v&agrave;o kh&aacute;ch h&agrave;ng mục ti&ecirc;u l&agrave; giới trẻ với mức gi&aacute; tầm trung cực kỳ dễ chịu. Đ&acirc;y l&agrave; bước đi chiến lược của g&atilde; khổng lồ đền từ H&agrave;n Quốc Samsung để kh&ocirc;ng bỏ qua ph&acirc;n kh&uacute;c smartphone gi&aacute; rẻ hiện đang rất tiềm năng. C&ugrave;ng c&oacute; c&aacute;i nh&igrave;n cận cảnh về Samsung Galaxy On5 để xem n&oacute; đ&atilde; được x&acirc;y dựng, thiết kế như thế n&agrave;o để chinh phục người d&ugrave;ng th&ocirc;ng qua b&agrave;i viết sau.</p>\r\n<p><strong>Thiết kế Samsung Galaxy On5</strong></p>\r\n<p><img src="http://msmobile.com.vn/upload_images/images/galaxy%20on5%20(8).jpg" alt="" /></p>\r\n<p>Samsung đ&atilde; tối giản ng&ocirc;n ngữ thiết kế của m&igrave;nh tr&ecirc;n Samsung Galaxy On5, kh&ocirc;ng pha lẫn c&aacute;c chất liệu hỗn hợp nhưng vẫn mang đến c&aacute;i nh&igrave;n tổng thể thanh lịch. Khi cầm m&aacute;y tr&ecirc;n tay bạn sẽ cảm thấy rất chắc chắn với c&aacute;c đường cong v&aacute;t nhẹ từ mặt lưng ra hai b&ecirc;n đường viền. N&uacute;t nguồn v&agrave; n&uacute;t điều chỉnh &acirc;m lượng nằm ở cạnh phải trong khi cạnh tr&aacute;i được bố tr&iacute; cổng USB c&ograve;n jack cắm tai nghe, microphone, cổng microUSB đều nằm ở cạnh dưới rất dễ để điều khiển bằng một tay.</p>\r\n<p>Nh&igrave;n chung với k&iacute;ch thước tổng thể 142.3 x 72.1 x 8.5 mm, trọng lượng 149 gam, Samsung Galaxy On5 được thiết kế kh&aacute; gọn g&agrave;ng, đơn giản nhưng kh&ocirc;ng k&eacute;m phần mạnh mẽ.</p>\r\n<p><strong>M&agrave;n h&igrave;nh Samsung Galaxy On5</strong></p>\r\n<p><img src="http://msmobile.com.vn/upload_images/images/galaxy%20on5%20(12).jpg" alt="" /></p>\r\n<p>Chiếc điện thoại n&agrave;y đi k&egrave;m với m&agrave;n h&igrave;nh TFT, k&iacute;ch thước 5 inch, độ ph&acirc;n giải 720 x 1280 pixel v&agrave; mật độ điểm ảnh 288 ppi. C&aacute;c trải nghiệm cho thấy chất lượng hiển thị tươi s&aacute;ng, g&oacute;c nh&igrave;n tốt, m&agrave;u sắc sống động, đặc biệt l&agrave; người d&ugrave;ng vẫn c&oacute; thể dễ d&agrave;ng sử dụng Samsung Galaxy On5 trong điều kiện &aacute;nh s&aacute;ng mặt trời. So với những đối thủ kh&aacute;c trong c&ugrave;ng ph&acirc;n kh&uacute;c th&igrave; chiến binh của Samsung thể hiện m&igrave;nh kh&aacute; ấn tượng trong kh&iacute;a cạnh n&agrave;y.</p>\r\n<p>Với giao diện TouchWiz quen thuộc của Samsung đ&atilde; được cải thiện, tối ưu h&oacute;a, b&acirc;y giờ mọi thao t&aacute;c đều được lướt một c&aacute;ch nhẹ nh&agrave;ng v&agrave; mượt m&agrave;, tốc độ phản hồi nhanh ch&oacute;ng, đủ sức khiến người d&ugrave;ng h&agrave;i l&ograve;ng.</p>\r\n<p><strong>Hiệu năng</strong></p>\r\n<p><img src="http://msmobile.com.vn/upload_images/images/galaxy%20on5%20(1).jpg" alt="" /></p>\r\n<p>Samsung Galaxy On5 được t&iacute;ch hợp bộ vi xử l&yacute; Exynos 3475 c&acirc;y nh&agrave; l&aacute; vườn, tốc độ xung nhịp 1.3 GHz, bộ nhớ trong 8 GB, dung lượng RAM 1.5 GB RAM nhưng hỗ trợ bộ nhớ ngo&agrave;i l&ecirc;n đến 128 GB. Chipset n&agrave;y tương đương với Snapdragon 410 trong kh&iacute;a cạnh chơi game cũng như tải c&aacute;c h&igrave;nh ảnh động k&iacute;ch thước lớn tr&ecirc;n giao diện v&agrave; ứng dụng. Mọi thứ đều mượt m&agrave;, ổn định hơn nhiều so với mức gi&aacute; m&agrave; n&oacute; đang nắm giữ tr&ecirc;n kệ h&agrave;ng của MSmobile.</p>\r\n<p><strong>Kh&iacute;a cạnh m&aacute;y ảnh</strong></p>', '2050000', 0, '/Uploads/images/dienthoai/Sony/samsungon5.jpg', '/Uploads/images/dienthoai/Sony/samsungon5shell.jpg,', 0, 1, '2016-09-22'),
(21, 3, 3, 'Sony Xperia C3 Dual S55u', '<p>Với <strong>Sony Xperia&trade; C3 Dual S55u</strong> việc chụp ảnh Selife sẽ dễ d&agrave;ng v&agrave; mang lại chất lượng tuyệt vời nhất, sở hữu camera với độ ph&acirc;n giải 5 MP ống k&iacute;nh g&oacute;c si&ecirc;u rộng v&agrave; đ&egrave;n flash LED tinh tế. Kh&ocirc;ng những thế<strong> <a href="http://msmobile.com.vn/920-sony-xperia-c3-dual-s55u.html">Sony C3</a></strong> <strong>Dual S55u </strong>sở hữu m&agrave;n h&igrave;nh 5.5" một m&agrave;n h&igrave;nh tuyệt vời cho 1 chiếc điện thoại để giải tr&iacute; v&agrave; c&aacute;c cuộc gọi Video Call. Thiết kế mỏng v&agrave; nhẹ l&agrave; hai điểm cộng lớn nhất của sản phẩm n&agrave;y với th&iacute;ch thước chỉ 156 x 78.5 x 7.6 mm v&agrave; nặng 150 g.<br />&nbsp;</p>\r\n<p><input alt="Sony Xperia C3 Dual S55u" height="332" src="https://lh3.googleusercontent.com/-hVYOzdnjViU/VCooLpvTwxI/AAAAAAAAFo0/EG1XhguD_-Q/w622-h413-no/DSC_0868.JPG" type="image" width="500" /></p>\r\n<p><strong>Thiết kế&nbsp;</strong></p>\r\n<p>Xperia C3 Dual chỉ mỏng 7,6 mm v&agrave; nặng 150g, một chiếc điện thoại th&ocirc;ng minh v&ocirc; c&ugrave;ng di động, c&oacute; thể mang theo khắp nơi. C&aacute;c lựa chọn m&agrave;u sắc gồm c&oacute; m&agrave;u đen, trắng v&agrave; m&agrave;u bạc h&agrave;. Sắc m&agrave;u tươi mới n&agrave;y sẽ khiến bạn thực sự nổi bật giữa đ&aacute;m đ&ocirc;ng, thu h&uacute;t mọi &aacute;nh nh&igrave;n về chiếc điện thoại chụp ảnh tự sướng Xperia C3 Dual.</p>\r\n<p><input alt="Sony Xperia C3" height="68" src="http://www-static.se-mc.com/blogs.dir/0/files/2014/06/xperia-c3-slim-sleek-and-lightweight-4fc023d56ea891326ca50beb2f89f158-940.jpg" type="image" width="500" /><br /><input alt="Sony Xperia C3" height="332" src="https://lh5.googleusercontent.com/1_o4Yvp7sLXBRuOT_kaVxYUeKNsFNN2-BpGGuf6WLFw=w622-h413-no" type="image" width="500" /><br /><input alt="Sony Xperia C3" height="332" src="https://lh3.googleusercontent.com/-y43Rw4WFeTw/VCooSJ21sRI/AAAAAAAAFpE/gweZkASCwBE/w622-h413-no/DSC_0875.JPG" type="image" width="500" /><br /><input alt="Sony Xperia C3" height="332" src="https://lh6.googleusercontent.com/-Cip7OmN36QA/VCooVXzzWgI/AAAAAAAAFpU/6H-pnsJlOXg/w622-h413-no/DSC_0884.JPG" type="image" width="500" /><br /><input alt="Sony Xperia C3" height="332" src="https://lh6.googleusercontent.com/Sp925pwm6b9oCLVkh7zJILIGdqnXD2360MamlON030c=w622-h413-no" type="image" width="500" /></p>\r\n<p><strong>M&agrave;n h&igrave;nh</strong></p>\r\n<p>M&agrave;n h&igrave;nh HD 720p 5,5 inch tr&ecirc;n Xperia C3 Dual tự h&agrave;o với c&ocirc;ng nghệ TV mới nhất của <strong>Sony</strong> được tối ưu h&oacute;a cho di động. V&agrave; với IPS, điện thoại th&ocirc;ng minh n&agrave;y sẽ mang đến cho bạn trải nghiệm xem ho&agrave;n hảo từ mọi g&oacute;c nh&igrave;n v&agrave; m&agrave;u sắc trung thực tr&ecirc;n to&agrave;n m&agrave;n h&igrave;nh.</p>\r\n<p><input alt="Sony Xperia C3" height="250" src="http://www-static.se-mc.com/blogs.dir/0/files/2014/06/xperia-c3-the-big-screen-experience-on-a-smartphone-0a29ec0db508092287f626e8454e8315-940.jpg" type="image" width="500" /></p>\r\n<p><strong>Camera</strong></p>\r\n<p>Giới thiệu điện thoại th&ocirc;ng minh Xperia đầu ti&ecirc;n c&oacute; Chế độ tự động chỉnh sửa n&acirc;ng cao d&agrave;nh cho camera trước. Cho d&ugrave; bạn chụp trong điều kiện ngược s&aacute;ng mạnh hay khung cảnh đ&ecirc;m tuyệt đẹp, tất cả c&aacute;c bức ch&acirc;n dung tự sướng của bạn đều thật chuy&ecirc;n nghiệp với Chế độ tự động chỉnh sửa n&acirc;ng cao.</p>\r\n<p><input alt="Sony Xperia C3" height="338" src="http://www-static.se-mc.com/blogs.dir/0/files/2014/06/xperia-c3-Wide-angle-front-camera-7c2856b57d641656245fe75216e32171-460.jpg" type="image" width="500" /></p>\r\n<p><strong>Hiệu suất</strong></p>\r\n<p>Chạy đồng thời nhiều ứng dụng, lướt web với thời gian tải ngắn hơn v&agrave; ph&aacute;t trực tuyến video m&agrave; kh&ocirc;ng bị chậm trễ. Bộ xử l&yacute; l&otilde;i tứ 1,2 GHz Qualcomm Snapdragon ti&ecirc;n tiến mang lại hiệu suất v&agrave; tốc độ tối đa m&agrave; kh&ocirc;ng ti&ecirc;u hao pin. Bộ xử l&yacute; kh&ocirc;ng đồng bộ, nghĩa l&agrave; mỗi l&otilde;i được khởi động v&agrave; tắt ri&ecirc;ng lẻ. Do vậy bạn nhận được phần điện đủ để bạn sử dụng v&agrave; kh&ocirc;ng l&atilde;ng ph&iacute; điện năng.</p>\r\n<p><input alt="Sony Xperia C3" height="375" src="http://www-static.se-mc.com/blogs.dir/0/files/2014/06/xperia-c3-snapdragon-4d3533869a3a0c57f4a155f3626986f1-460.jpg" type="image" width="500" /></p>\r\n<p><strong>Dung lượng PIN</strong></p>\r\n<p>Chế độ Battery STAMINA sẽ k&eacute;o d&agrave;i thời gian chờ của điện thoại l&ecirc;n bốn lần để điện thoại của bạn lu&ocirc;n hoạt động khi bạn cần đến nhất. Khi bạn kh&ocirc;ng sử dụng m&agrave;n h&igrave;nh, c&aacute;c ứng dụng v&agrave; chức năng sẽ được tắt tr&ecirc;n m&agrave;n h&igrave;nh nhưng bạn vẫn c&oacute; thể nhận cuộc gọi đến, tin nhắn v&agrave; cảnh b&aacute;o. Bấm n&uacute;t nguồn v&agrave; mọi thứ sẽ hiển thị v&agrave; tiếp tục hoạt động. Bạn c&oacute; thể dễ d&agrave;ng t&ugrave;y chỉnh th&ocirc;ng b&aacute;o ứng dụng bạn muốn nhận trong chế độ chờ. Bật hay tắt th&ocirc;ng b&aacute;o Email hoặc Facebook? T&ugrave;y thuộc v&agrave;o bạn.</p>', '2300000', 0, '/Uploads/images/dienthoai/Sony/sonyxpc3.jpg', '/Uploads/images/dienthoai/Sony/sony-xperia-c3-shell.jpg,', 0, 1, '2016-09-22'),
(22, 7, 3, 'Microsoft Lumia 532', '<p><strong>Microsoft Lumia 532</strong> được trang bị m&agrave;n h&igrave;nh LCD c&oacute; k&iacute;ch thước 4 inch, độ ph&acirc;n giải chỉ ở mức WVGA (800x480), do vậy m&agrave;u sắc trong m&ocirc;i trường b&oacute;ng m&aacute;t v&agrave; trong nh&agrave; được hiển thị kh&aacute; tốt khi để chế độ tự động v&agrave; trung b&igrave;nh. G&oacute;c nh&igrave;n của m&aacute;y kh&aacute; tốt trong m&ocirc;i trường b&igrave;nh thường d&ugrave; kh&ocirc;ng được trang bị c&aacute;c tấm nền g&oacute;c rộng như IPS hay m&agrave;n h&igrave;nh Amoled. Ph&iacute;a dưới m&agrave;n h&igrave;nh c&oacute; 3 ph&iacute;m cảm ứng đặc trưng của Windwos Phone ( Back - Home &ndash; Bing).</p>\r\n<p><img title="Thiết kế Lumia 532 đơn giản" src="http://msmobile.com.vn/upload_images/images/lumia-532-2.jpeg" alt="Thiết kế Lumia 532 đơn giản" /></p>\r\n<p><br />Cảm ứng của m&aacute;y đa điểm n&ecirc;n cảm ứng nhạy, mượt v&agrave; ch&iacute;nh x&aacute;c v&agrave; được trang bị&nbsp; m&agrave;n h&igrave;nh xem nhanh tr&ecirc;n thiết bị, điều m&agrave; c&aacute;c d&ograve;ng m&aacute;y gi&aacute; rẻ của Lumia trước đ&acirc;y kh&ocirc;ng c&oacute;. Đồng thời khả năng hai chạm để mở m&agrave;n cũng phản hồi kh&aacute; tốt.<br /><br /><strong>Camera</strong><br /><br />Chiếc điện thoại thuộc d&ograve;ng <strong><a href="http://msmobile.com.vn/san-pham/dien-thoai-135/loc-san-pham:hang-san-xuat-nokia.html">Nokia</a></strong> n&agrave;y&nbsp;chỉ được trang bị camera 5 megapixel ở mặt lưng v&agrave; kh&ocirc;ng thể tự động lấy n&eacute;t, khả năng chụp ảnh v&agrave; quay phim ở mức trung b&igrave;nh. Ngo&agrave;i ra m&aacute;y c&ograve;n c&oacute; một camera phụ ở mặt trước với độ ph&acirc;n giải 480p (VGA &ndash; 640x480) nhằm hỗ trợ đ&agrave;m thoại video call, skype&hellip;</p>\r\n<p><strong>Chất lượng &acirc;m thanh</strong></p>\r\n<p><strong>Lumia 532 </strong>được trang bị loa ở mặt lưng cho chất lượng &acirc;m kh&aacute; tốt, to v&agrave; r&otilde;. Phần loa trong hỗ trợ đ&agrave;m thoại ở mặt trước kh&aacute; tốt, chất lượng &acirc;m lớn nhưng r&otilde; tuy nhi&ecirc;n do chỉ c&oacute; một micro ph&iacute;a dưới m&agrave;n h&igrave;nh ở mặt trước n&ecirc;n khả năng lọc &acirc;m kh&ocirc;ng được tốt. Chất lượng &acirc;m thanh thu lại khi ghi &acirc;m ch&iacute;nh x&aacute;c, kh&ocirc;ng bị nhiễu.</p>\r\n<p><strong>Hiệu năng của m&aacute;y</strong><br /><br />Với chip xử l&yacute; l&otilde;i tứ Qualcomm Snapdragon 200,1.2MHz, Ram 1Gb c&ugrave;ng bộ nhớ trong 8Gb, khả năng hỗ trợ thẻ nhớ ngo&agrave;i l&ecirc;n đến 128Gb gi&uacute;p m&aacute;y c&oacute; thể hoạt động tốt với mọi ứng dụng hiện c&oacute; tr&ecirc;n Windows Phone store một c&aacute;ch mượt m&agrave;. Thử nghiệm chơi games với Asphalt 8 v&agrave; Dungeon Hunter 5 l&agrave; một trong những games nặng k&yacute; m&agrave; kh&ocirc;ng phải m&aacute;y n&agrave;o cũng c&agrave;i v&agrave; chơi được, tuy nhi&ecirc;n <strong>Microsoft Lumia 532</strong> đ&atilde; l&agrave;m người d&ugrave;ng bất ngờ khi chinh phục c&aacute;c v&ograve;ng đua, c&aacute;c trận đấu trong games một c&aacute;ch dễ d&agrave;ng v&agrave; hầu như kh&ocirc;ng xảy ra hiện tượng lag hay giật.Khả năng xử l&yacute; t&aacute;c vụ v&agrave; đa nhiệm kh&aacute; tốt gi&uacute;p bạn dễ d&agrave;ng chuyển đổi ứng dụng qua lại một c&aacute;ch thuận tiện m&agrave; kh&ocirc;ng cần load lại ứng dụng.</p>\r\n<p><strong>Pin&nbsp;</strong></p>\r\n<p>Pin được b&aacute;n theo m&aacute;y l&agrave; loại pin BV-5J c&oacute; dung lượng 1560mAh, c&oacute; thể gi&uacute;p m&aacute;y ở trạng th&aacute;i chờ 22 ng&agrave;y. Trải nghiệm thực tế cho thấy thời lượng sử dụng pin c&oacute; thể l&ecirc;n đến 2 ng&agrave;y nếu &iacute;t d&ugrave;ng (c&oacute; gọi điện, lướt web, chơi games nhẹ v&agrave; sử dụng wifi), d&ugrave;ng nhiều nhưng vẫn d&ugrave;ng wifi để kết nối mạng th&igrave; cũng c&oacute; thể d&ugrave;ng tốt trong ng&agrave;y ~20h, nếu kh&ocirc;ng sử dụng wifi m&agrave; cho kết nối 3g để chơi games hay lướt web th&igrave; ~5h li&ecirc;n tục v&agrave; hơn 14h nếu sử dụng kh&ocirc;ng thường xuy&ecirc;n. Tuy nhi&ecirc;n kh&ocirc;ng thể đ&aacute;nh gi&aacute; ch&iacute;nh x&aacute;c thời gian sử dụng pin bởi mỗi người d&ugrave;ng kh&aacute;c nhau sẽ sử dụng c&aacute;c ứng dụng v&agrave; t&aacute;c vụ kh&aacute;c nhau n&ecirc;n sẽ c&oacute; thời gian sử dụng pin l&agrave; kh&aacute;c nhau.</p>\r\n<p><img title="Thế mạnh microsoft lumia 532" src="http://msmobile.com.vn/upload_images/images/lumia-532-3.jpg" alt="Thế mạnh microsoft lumia 532" /></p>\r\n<p><strong>C&aacute;c t&iacute;nh năng kh&aacute;c</strong><br /><br />C&aacute;c t&iacute;nh năng văn ph&ograve;ng v&agrave; c&aacute;c ứng dụng tiện &iacute;ch như Office ( Word, Excel&hellip;),Onenote, đồng bộ dữ liệu bộ nhớ OneDrive được c&agrave;i sẵn gi&uacute;p bạn thuận tiện hơn trong việc ghi ch&eacute;p, trao đổi, chia sẻ th&ocirc;ng tin, sao lưu dữ liệu &hellip;T&iacute;nh năng 2 SIM tiện dụng v&agrave; người bạn đồng h&agrave;nh Cortana hữu &iacute;ch gi&uacute;p bạn li&ecirc;n lạc thuận tiện hơn. Với chế độ chờ cuộc gọi v&agrave; chuyển tiếp cuộc gọi giữa hai SIM tr&ecirc;n chiếc điện thoại n&agrave;y bạn sẽ kh&ocirc;ng phải bỏ lỡ những cuộc gọi quan trọng, đồng thời gi&uacute;p bạn tiết kiệm được chi ph&iacute; từ c&aacute;c nh&agrave; mạng.&nbsp;Nh&igrave;n chung <strong>Lumia 532</strong> chưa thực sự ho&agrave;n hảo nhưng với những người d&ugrave;ng ở mức độ b&igrave;nh thường th&igrave; m&aacute;y vẫn đ&aacute;p ứng được nhu cầu kh&aacute; tốt.</p>', '1800000', 0, '/Uploads/images/dienthoai/Sony/lumia5321.jpg', '/Uploads/images/dienthoai/Sony/microsoft-lumia-532-whiteshell.jpg,', 0, 1, '2016-09-22'),
(23, 7, 3, 'Nokia XL', '<h2><strong>Thiết kế chắc chắn của Nokia XL</strong></h2>\r\n<p>Về kiểu d&aacute;ng, <strong><a href="http://msmobile.com.vn/dien-thoai/nokia-xl-p1393.html">Nokia XL</a></strong> c&oacute; kiểu thiết kế vu&ocirc;ng vức, mặt lưng được bo nhẹ nhưng m&aacute;y vẫn tr&ocirc;ng kh&aacute; d&agrave;y, d&agrave;y hơn 0,5mm so với <a href="http://msmobile.com.vn/dien-thoai/nokia-x-p1394.html"><strong>Nokia X</strong></a>. M&aacute;y kh&aacute; nặng v&agrave; hơi cồng kềnh n&ecirc;n việc cầm bằng một tay sẽ hơi kh&oacute; chịu, g&oacute;c nhọn sẽ l&agrave;m đau l&ograve;ng b&agrave;n tay.C&aacute;c ph&iacute;m bấm vật l&yacute; được bố tr&iacute; ở c&aacute;c cạnh m&aacute;y, cạnh phải l&agrave; n&uacute;t chỉnh &acirc;m lượng v&agrave;&nbsp; n&uacute;t nguồn, khe micro-USB ở cạnh dưới v&agrave; tai nghe 3,5mm ở cạnh tr&ecirc;n. Cạnh tr&aacute;i thiết kế trơn, kh&ocirc;ng c&oacute; ph&iacute;m bấm n&agrave;o.</p>\r\n<p><img title="Nokia XL Thiết kế gọn g&agrave;ng" src="http://msmobile.com.vn/upload_images/images/nokia-xl-1.jpg" alt="Nokia XL Thiết kế gọn g&agrave;ng" /></p>\r\n<p><strong>M&agrave;n h&igrave;nh</strong></p>\r\n<p><strong>Nokia XL</strong> được thiết kế với m&agrave;n h&igrave;nh 5 inch, hỗ trợ độ ph&acirc;n giải l&agrave; 480 x 800 pixel n&ecirc;n chất lượng hiển thị ảnh chưa tốt. Với mật độ điểm ảnh chỉ đạt khoảng 187 ppi khiến cho h&igrave;nh ảnh bị răng cưa.Điểm đ&aacute;ng ch&uacute; &yacute; ở m&agrave;n h&igrave;nh l&agrave; hiển thị h&igrave;nh ảnh c&oacute; m&agrave;u sắc đẹp v&agrave; được t&iacute;ch hợp cảm biến &aacute;nh s&aacute;ng. Tuy nhi&ecirc;n khi sử dụng m&aacute;y ngo&agrave;i trời s&aacute;ng kh&ocirc;ng thực sự thuận lợi bảo độ tương phản của m&agrave;n h&igrave;nh chưa tốt.</p>\r\n<p><strong>Camera</strong></p>\r\n<p>M&aacute;y sử dụng camera 5 megapixel v&agrave; cảm biến c&oacute; k&iacute;ch thước 1/4&rdquo;, c&oacute;hỗ trợ chức năng lấy n&eacute;t, nhận diện khu&ocirc;n mặt v&agrave; đ&egrave;n flash LED gi&uacute;p chụp thiếu s&aacute;ng tốt hơn,m&agrave;u sắc của ảnh thật v&agrave; s&aacute;ng hơn. Nếu chụp đ&ecirc;m kh&ocirc;ng bật flash sẽ khiến h&igrave;nh ảnh kh&aacute; mờ v&agrave; nho&egrave; nhưng khi bật flash th&igrave; h&igrave;nh ảnh kh&aacute; r&otilde; r&agrave;ng. Ngo&agrave;i ra m&aacute;y c&ograve;n c&oacute; camera trước, độ ph&acirc;n giải 2 megapixel c&oacute; chất lượng ảnh tự chụp ở mức trung b&igrave;nh, nhưng sử dụng thoại video với Skype cũng kh&aacute; hợp l&yacute;.</p>\r\n<p><img title="Giao diện Nokia XL l&agrave; độc quyền microsoft" src="http://msmobile.com.vn/upload_images/images/Nokia-XL-2.jpg" alt="Giao diện Nokia XL l&agrave; độc quyền microsoft" /></p>\r\n<p><strong>Hiệu năng sử dụng</strong></p>\r\n<p>Chiếc <a href="http://msmobile.com.vn/san-pham/dien-thoai-135/loc-san-pham:hang-san-xuat-nokia.html"><strong>Nokia</strong></a> n&agrave;y&nbsp;sử dụng chip SoC Qualcomm MSM8225 Snapdragon S4 Play, CPU 2 nh&acirc;n Cortex-A5 tốc độ 1 GHz, GPU Adreno 203, dung lượng RAM 768 MB v&agrave; bộ nhớ trong 4GB c&oacute; thể n&acirc;ng cấp l&ecirc;n 32GB qua khe cắm microSD. Do vậy n&ecirc;n tốc độ xử l&yacute; c&aacute;c ứng dụng kh&aacute; tốt v&agrave; nhanh.</p>\r\n<p><strong>Hiệu năng sử dụng pin</strong></p>\r\n<p>Hiệu năng sử dụng pin của m&aacute;y tạm ổn. <strong>Nokia XL&nbsp;</strong>d&ugrave;ng pin c&oacute; dung lượng 2.000mAh c&oacute; thể d&ugrave;ng li&ecirc;n tục hơn 1 ng&agrave;y với điều kiện sử dụng th&ocirc;ng thường.</p>\r\n<p><img title="Nokia xl pin tr&acirc;u s&oacute;ng tốt" src="http://msmobile.com.vn/upload_images/images/nokia-xl-3(1).jpg" alt="Nokia xl pin tr&acirc;u s&oacute;ng tốt" /></p>\r\n<p><strong>Kết luận</strong></p>\r\n<p><strong>Nokia XL</strong> được trang bị c&aacute;c ứng dụng độc quyền của <strong>Nokia </strong>v&agrave; <a href="http://msmobile.com.vn/san-pham/dien-thoai-135/loc-san-pham:hang-san-xuat-nokia.html"><strong>Microsoft</strong></a> n&ecirc;n người d&ugrave;ng tho&aacute;i m&aacute;i sử dụng v&agrave; trải nghiệm lướt web, nghe nhạc, chụp ảnh với smartphone gi&aacute; vừa phải.&nbsp;</p>', '3150000', 0, '/Uploads/images/dienthoai/Sony/nokiaxl1.jpg', '/Uploads/images/dienthoai/Sony/nokia-xl01shell.gif,', 1, 1, '2016-09-22'),
(24, 2, 3, 'LG G2 cũ (99%)', '<h2><strong>G G2 &ndash; Si&ecirc;u phẩm điện thoại mới nhất của LG tại MSmobile</strong></h2>\r\n<div>&nbsp;</div>\r\n<div><input alt="LG G2 F320" src="https://lh6.googleusercontent.com/GvSDNOsGW1GE9i0bBfW16FU3SgAfstFwE8rtxmTHPOw=w720-h250-no" type="image" width="100%" /><br />&nbsp;</div>\r\n<div>Mới đ&acirc;y h&atilde;ng LG&nbsp;H&agrave;n Quốc đ&atilde; cho ra đời chiếc smartphone si&ecirc;u phẩm của m&igrave;nh, đ&oacute; l&agrave; phi&ecirc;n bản G2, với t&ecirc;n đầy đủ l&agrave; <strong>LG&nbsp;G2</strong>. Được đ&aacute;nh gi&aacute; l&agrave; một si&ecirc;u phẩm bom tấn của LG&nbsp;để cạnh tranh với c&aacute;c h&atilde;ng kh&aacute;c gi&agrave;nh thị phần, <strong>LG</strong>&nbsp;đ&atilde; mang đến những c&ocirc;ng nghệ mới nhất, ti&ecirc;n tiến nhất của m&igrave;nh để đưa v&agrave;o sản phẩm n&agrave;y. Đ&acirc;y l&agrave; phi&ecirc;n bản H&agrave;n Quốc ch&iacute;nh h&atilde;ng, c&oacute; thể th&aacute;o rời thay v&igrave; bản nguy&ecirc;n khối. <strong>MSmobile</strong> tự h&agrave;o l&agrave; một trong những đơn vị cung cấp sản phẩm G2 sớm nhất tại thị trường Việt Nam, xin gửi bạn những th&ocirc;ng tin kh&aacute; th&uacute; vị quanh chiếc <strong>G2</strong> n&agrave;y.</div>\r\n<div>&nbsp;</div>\r\n<div><strong>LG G2&nbsp;</strong>l&agrave; một chiếc điện thoại th&ocirc;ng minh cao cấp ứng dụng hệ điều h&agrave;nh Android ti&ecirc;n tiến nhất của google &ndash;<strong> LG Optimus G2</strong> được biết đến như l&agrave; chiếc điện thoại với phần cứng ti&ecirc;n tiến v&agrave; phần mềm chuẩn x&aacute;c. Đi k&egrave;m với chiếc điện thoại n&agrave;y l&agrave; th&ocirc;ng số kỹ thuật top-of-the-line, bao gồm một m&agrave;n h&igrave;nh sắc n&eacute;t 5,2-inch, m&agrave;n h&igrave;nh hiển thị độ ph&acirc;n giải Full HD 1080p v&agrave; sử dụng c&ocirc;ng nghệ IPS LCD, chip l&otilde;i tứ Snapdragon 800 chạy ở băng tần 2,26 GHz v&agrave; RAM 2GB.</div>\r\n<div>&nbsp;</div>\r\n<div><input src="https://lh5.googleusercontent.com/-EgZ7u8XQv7A/UgZ4RWnolDI/AAAAAAAAAvA/hZKiR5P4iDw/w668-h514-no/LG+G2_.jpg" type="image" /></div>\r\n<p>LG&nbsp;Optimus G2</p>\r\n<div>LG G2<strong>&nbsp;</strong>l&agrave; smartphone c&oacute;m&aacute;y ảnh 13MP ti&ecirc;n tiến nổi bật với c&aacute;c t&iacute;nh năng như ổn định h&igrave;nh ảnh quang học v&agrave; chụp video 1080p ở 60 khung h&igrave;nh mỗi gi&acirc;y. Được trang bị đ&egrave;n LED gi&uacute;p bạn c&oacute; thể chụp h&igrave;nh ở điều kiện thiếu &aacute;nh s&aacute;ng. Camera trước của m&aacute;y l&agrave; 2.1 megapixels. Hơn thế nữa l&agrave; 1 số đặc điểm LG Optimus G2 hỗ trợ như: Cảm biến back-illuminated (BSI), tự động lấy n&eacute;t, cảm ứng tập trung, ổn định h&igrave;nh ảnh quang học, c&agrave;i đặt trước c&acirc;n bằng trắng, chế độ Burst, zoom kỹ thuật số, gắn thẻ địa l&yacute;,hiệu ứng&nbsp; hẹn giờ k&iacute;ch hoạt bằng giọng n&oacute;i</div>\r\n<div>&nbsp;</div>\r\n<div><img src="http://msmobile.com.vn/upload_images/images/20-6/lg-g2-f320-1.jpg" alt="" /></div>\r\n<div>&nbsp;</div>\r\n<div><strong>LG Optimus G2&nbsp; F320</strong> kh&aacute; đặc biệt với n&uacute;t điều chỉnh ẩm lượng v&agrave; n&uacute;t nguồn được đặt ở mặt sau. Độ d&agrave;y của <em>LG Optimus G2 </em>l&agrave; 9 mm, đ&acirc;y 1 con số c&oacute; thể chấp nhận được v&igrave; b&ecirc;n trong chiếc smartphone n&agrave;y bạn sẽ t&igrave;m thấy một quả pin với dung lượng 2610mAh (tuyệt vời cho 1 smartphone, b&ecirc;n cạnh đ&oacute; pin c&oacute; thể th&aacute;o rời ra). Bộ nhớ trong của LG G2 l&agrave; 32Gb, bạn c&oacute; thể mở rộng bộ nhớ bằng 1 thẻ SD khoảng 64Gb.</div>', '2350000', 0, '/Uploads/images/dienthoai/Sony/lgg2001.jpg', '/Uploads/images/dienthoai/Sony/lgg2001shell.jpg,', 0, 1, '2016-09-22'),
(25, 2, 3, 'LG AKA cũ (99%)', '<p>LG AKA - Like New đ&atilde; tự th&acirc;n m&igrave;nh tạo n&ecirc;n sức h&uacute;t v&agrave; l&agrave; một trong những chiếc smartphone rất đ&aacute;ng đồng tiền nhờ đặc điểm nổi bật l&agrave; được thiết kế cho những người c&ocirc; đơn, mang trong m&igrave;nh sự tưởng tượng phong ph&uacute;. Hiện nay, sản phẩm độc đ&aacute;o n&agrave;y đang c&oacute; mặt tr&ecirc;n kệ h&agrave;ng của MSmobile để người d&ugrave;ng c&oacute; thể trực tiếp qua v&agrave; tham khảo sử dụng.</p>\r\n<p><strong>Thiết kế đẹp, thu h&uacute;t</strong></p>\r\n<p><img src="http://msmobile.com.vn/upload_images/images/maxresdefault(120).jpg" alt="" /></p>\r\n<p>LG AKA - Like New mang tr&ecirc;n m&igrave;nh một diện mạo kh&aacute; nịnh mắt với bốn g&oacute;c bo tr&ograve;n nhẹ nh&agrave;ng, k&iacute;ch thước tổng thể 138.7 x 71.9 x 10 mm, trọng lượng 135 gam. Nhưng đ&oacute; vẫn chưa phải l&agrave; điểm đặc biệt nhất tạo n&ecirc;n điểm nhấn cho smartphone n&agrave;y. Trong khi ph&iacute;a b&ecirc;n</p>\r\n<p>dưới được kh&eacute;o l&eacute;o t&iacute;ch hợp với c&aacute;c bao bảo vệ với c&aacute;c h&igrave;nh th&ugrave; trẻ trung v&agrave; ngộ nghĩnh th&igrave; ở ph&iacute;a tr&ecirc;n l&agrave; h&igrave;nh ảnh đ&ocirc;i mắt với c&aacute;c trạng th&aacute;i kh&aacute;c nhau, mang đến sự vui vẻ tuyệt đối mỗi khi nh&igrave;n v&agrave;o thiết bị. C&aacute;c phi&ecirc;n bản n&agrave;y đều được đặt dưới những c&aacute;i t&ecirc;n kh&aacute;c nhau như m&agrave;u v&agrave;ng l&agrave; Eggy, trắng l&agrave; Wooky, hồng l&agrave; YoYo v&agrave; xanh l&agrave; Soul cực k&igrave; dễ ph&acirc;n biệt.</p>\r\n<p><strong>M&agrave;n h&igrave;nh sắc n&eacute;t</strong></p>\r\n<p><strong><img src="http://msmobile.com.vn/upload_images/images/08_random(1).jpg" alt="" /></strong></p>\r\n<p>LG AKA - Like New được t&iacute;ch hợp với một m&agrave;n h&igrave;nh IPS LCD k&iacute;ch thước 5 inch, độ ph&acirc;n giải HD, kh&aacute; ấn tượng v&agrave; kh&ocirc;ng hề thua k&eacute;m bất cứ đối trọng n&agrave;o trong c&ugrave;ng tầm gi&aacute;. M&agrave;u đen hiển thị kh&aacute; s&acirc;u ở độ s&aacute;ng 50% v&agrave; 100% trong khi độ tương phản cũng kh&aacute; ấn tượng. Khả năng sử dụng trong điều kiện ngo&agrave;i trời cũng tương đối tốt nhờ v&agrave;o m&agrave;n h&igrave;nh phản chiếu.</p>\r\n<p><strong>Hiệu suất hoạt động</strong></p>\r\n<p><strong><img src="http://msmobile.com.vn/upload_images/images/LG-AKA_030-660x495.jpg" alt="" /></strong></p>\r\n<p>LG AKA - Like New được t&iacute;ch hợp với một chipset Qualcomm Snapdragon 400, tốc độ xung nhịp 1.2 GHz, hỗ trợ bởi card đồ họa Adreno 305, dung lượng RAM 1.5 GB, bộ nhớ trong 16 GB c&oacute; thẻ nhớ ngo&agrave;i 32 GB. Hầu hết c&aacute;c t&aacute;c vụ m&agrave; người d&ugrave;ng thường xuy&ecirc;n sử dụng dều được xử l&yacute; một c&aacute;ch nhanh ch&oacute;ng v&agrave; mượt m&agrave;.</p>\r\n<p>Sự hiện diện của một vi&ecirc;n pin dung lượng 2610 mAh cũng l&agrave; nh&acirc;n tố cung ứng thời gian sử dụng l&ecirc;n đến 3 ng&agrave;y nếu chỉ chạy c&aacute;c t&aacute;c vụ th&ocirc;ng thường cực k&igrave; ấn tượng.</p>\r\n<p><strong>M&aacute;y ảnh</strong></p>\r\n<p><strong><img src="http://msmobile.com.vn/upload_images/images/LG-AKA_071-660x495.jpg" alt="" /></strong></p>\r\n<p>Ở mặt sau LG AKA - Like New l&agrave; sự hiện diện của một cảm biến 8 MP, c&oacute; khả năng chụp ảnh với độ ph&acirc;n giải cao nhất l&agrave; 3264 x 2448 pixel v&agrave; quay video 1080p ở tốc độ 30fps. Camera phụ 2.1 MP ở mặt trước cũng hỗ trợ quay video 720p v&agrave; cung ứng c&aacute;c bức ảnh selfie đủ mang đến sự ấn tượng cho những người độc th&acirc;n vui t&iacute;nh y&ecirc;u th&iacute;ch v&agrave; lựa chọn sản phẩm n&agrave;y.</p>\r\n<p><strong>C&aacute;c t&iacute;nh năng th&uacute; vị</strong></p>\r\n<p><strong><img src="http://msmobile.com.vn/upload_images/images/05_battery.jpg" alt="" /></strong></p>\r\n<p>Nếu như c&aacute;c biểu tượng AKA đang trọng trạng th&aacute;i ngủ th&igrave; bạn cũng c&oacute; thể nhanh ch&oacute;ng thức dậy bằng c&aacute;ch chạm v&agrave;o m&agrave;n h&igrave;nh ph&iacute;a tr&ecirc;n hai lần. Những đ&ocirc;i mắt th&acirc;n thiện sẽ ch&agrave;o đ&oacute;n ngay lập tức tr&ecirc;n m&agrave;n h&igrave;nh. Đặc biệt, trong thời gian rảnh rỗi, bạn chỉ cần lắc m&aacute;y th&igrave; đ&ocirc;i mắt sẽ thay đổi sang trạng th&aacute;i buồn ngủ, mang đến sự th&uacute; vị đặc biệt d&agrave;nh cho c&aacute;c FA.</p>', '1750000', 0, '/Uploads/images/dienthoai/Sony/lgaka.jpg', '/Uploads/images/dienthoai/Sony/lgakashell.jpg,', 0, 1, '2016-09-22'),
(26, 3, 3, 'Sony Xperia Z cũ (99%)', '<p>Là si&ecirc;u ph&acirc;̉m t&acirc;̣p trung nhi&ecirc;̀u c&ocirc;ng ngh&ecirc;̣ t&ocirc;́i t&acirc;n nh&acirc;́t của Sony, Sony Xperia Z cũ sở hữu thiết kế hoàn hảo, c&acirc;́u hình mạnh mẽ, camera tuy&ecirc;̣t vời cùng khả năng ch&ocirc;́ng nước, ch&ocirc;́ng bụi cực t&ocirc;́t&hellip;</p>\r\n<p><iframe src="https://www.youtube.com/embed/G3YPx6jJ3ag" width="560" height="315" frameborder="0" allowfullscreen="allowfullscreen" data-mce-fragment="1"></iframe></p>\r\n<p>&nbsp;</p>\r\n<p><a href="http://msmobile.com.vn/dien-thoai/sony-xperia-z-cu-p1548.html"><img src="http://msmobile.com.vn/upload_images/images/image001(10).jpg" alt="" /></a></p>\r\n<p>Sony lu&ocirc;n làm người y&ecirc;u c&ocirc;ng ngh&ecirc;̣ hài lòng khi sản xu&acirc;́t ra những si&ecirc;u ph&acirc;̉m kh&ocirc;ng th&ecirc;̉ l&acirc;̃n với b&acirc;́t cứ thi&ecirc;́t bị của m&ocirc;̣t hãng smartphone nào khác. Xperia Z với vẻ ngoài vu&ocirc;ng vức v&agrave; mạnh mẽ, cá tính với k&iacute;nh bao phủ xung quanh m&aacute;y đã chinh phục bi&ecirc;́t bao trái tim người dùng. Sony Xperia Z cũ được đánh giá là có hình thức cực l&ocirc;i cu&ocirc;́n với những đường nét, chi ti&ecirc;́t hoàn hảo đ&ecirc;́n mức đáng kinh ngạc.</p>\r\n<p><strong>M&agrave;n h&igrave;nh hi&ecirc;̉n thị cực t&ocirc;́t của <a href="http://msmobile.com.vn/dien-thoai/sony-xperia-z-cu-p1548.html">Sony Xperia Z</a> cũ</strong></p>\r\n<p>N&ecirc;́u như g&acirc;̀n đ&acirc;y, Sony bị kém th&ecirc;́ hơn v&ecirc;̀ khả năng hi&ecirc;̉n thị tr&ecirc;n các sản ph&acirc;̉m của mình so với nhi&ecirc;̀u đ&ocirc;́i thủ cạnh tranh khác thì chi&ecirc;́c Sony Xperia Z cũ chính là đi&ecirc;̉m sáng của hãng này.</p>\r\n<p><img src="http://msmobile.com.vn/upload_images/images/image003(9).jpg" alt="" /></p>\r\n<p>M&agrave;n h&igrave;nh Sony Xperia Z cũ với kích thước 5 inches độ ph&acirc;n giải FullHD cho người dùng những h&igrave;nh ảnh mịn màng, ch&acirc;n thực. Bạn khó có th&ecirc;̉ nhìn th&acirc;́y đi&ecirc;̉m ảnh tr&ecirc;n màn hình Sony Xperia Z cũ và những trải nghi&ecirc;̣m với thi&ecirc;́t bị này th&acirc;̣t sự r&acirc;́t tuy&ecirc;̣t. Tuy nhi&ecirc;n v&ecirc;̀ đ&ocirc;̣ sáng và m&agrave;u sắc thì Sony Xperia Z cũ chỉ ở mức kh&aacute; chứ kh&ocirc;ng rực rỡ và đẹp như những smartphone c&oacute; m&agrave;n h&igrave;nh xu&acirc;́t sắc như HTC One X hay iPhone 5.</p>\r\n<p><strong>Camera khá &acirc;́n tượng</strong></p>\r\n<p>Camera tr&ecirc;n Sony <a href="http://msmobile.com.vn/dien-thoai/sony-xperia-z-cu-p1548.html">Xperia Z cũ</a> kh&aacute; xu&acirc;́t sắc đ&ocirc;̣ ph&acirc;n giải 13 Mpx với tính năng quay phim HDR, h&ocirc;̃ trợ nhiều tuỳ chọn trong chụp ảnh chuy&ecirc;n nghi&ecirc;̣p như m&ocirc;̣t chi&ecirc;́c máy ảnh th&acirc;̣t thụ. Mặc dù máy có thi&ecirc;́t k&ecirc;́ si&ecirc;u mỏng nhưng camera của máy kh&ocirc;ng bị l&ocirc;̀i l&ecirc;n như tr&ecirc;n nhi&ecirc;̀u sản ph&acirc;̉m khác. Những hình ảnh thu được từ Sony Xperia Z được đánh giá là khá ch&acirc;n thực, s&ocirc;́ng đ&ocirc;̣ng và đ&ocirc;̣ chi ti&ecirc;́t cao.</p>\r\n<p><img src="http://msmobile.com.vn/upload_images/images/image005(6).jpg" alt="" /></p>\r\n<p><strong>Hiệu năng và dung lượng <a href="http://msmobile.com.vn/dien-thoai/sony-xperia-z-cu-p1548.html">pin tr&ecirc;n Xperia Z cũ</a></strong></p>\r\n<p>Sony Xperia Z cũ c&oacute; hiệu năng cực tốt so với mặt bằng chung của smartphone cũng như so với nhi&ecirc;̀u thi&ecirc;́t k&ecirc;́ ti&ecirc;̀n nhi&ecirc;̣m đã được Sony cho ra mắt trước đó. Đ&oacute; l&agrave;&nbsp; nhờ Xperia Z được hãng đ&acirc;̀u tư cấu h&igrave;nh mạnh mẽ, phần mềm mới, giao diện đẹp và&nbsp; thoáng, &iacute;t phần nặng k&ecirc;́t hợp với sự tinh chỉnh của Sony.</p>\r\n<p>Dung lượng Pin cũng l&agrave; một điểm c&ocirc;̣ng đ&aacute;ng khen của Xperia Z. Người dùng c&oacute; thể sử dụng máy thoải m&aacute;i một ng&agrave;y n&ecirc;́u đi kèm với những tính năng tiết kiệm pin của Sony. Phần thiết lập c&aacute;c c&aacute;ch thức xử l&yacute; với mạng di động 3G, Wifi trong chế độ tiết kiệm pin của Sony Xperia Z cũ kh&aacute; th&ocirc;ng minh v&agrave; gi&uacute;p m&aacute;y tiết kiệm pin &nbsp;cực tốt.</p>\r\n<p><a href="http://msmobile.com.vn/dien-thoai/sony-xperia-z-cu-p1548.html"><img src="http://msmobile.com.vn/upload_images/images/image007(3).jpg" alt="" /></a></p>\r\n<p><strong>K&ecirc;́t lu&acirc;̣n</strong></p>\r\n<p>Với những th&ocirc;ng s&ocirc;́ c&acirc;̀u hình và kỹ thu&acirc;̣t mà chúng t&ocirc;i vừa chỉ ra ở tr&ecirc;n, Sony&nbsp; Xperia Z cũ hoàn toàn có th&ecirc;̉ đáp ứng được nhu c&acirc;̀u trải nghi&ecirc;̣m của người dùng m&ocirc;̣t cách xu&acirc;́t sắc. Hãy đ&ecirc;́n với MSmobile ngay h&ocirc;m nay đ&ecirc;̉ sở hữu sản ph&acirc;̉m này với mức giá t&ocirc;́t nh&acirc;́t cùng nhi&ecirc;̀u khuy&ecirc;́n mãi h&acirc;́p d&acirc;̃n.</p>', '1850000', 0, '/Uploads/images/dienthoai/Sony/xperiaz001.jpg', '/Uploads/images/dienthoai/Sony/xperiaz001shell.jpg,', 0, 1, '2016-09-22');
INSERT INTO `products` (`Id`, `Category_Id`, `User_Id`, `Product_Name`, `Content_Product`, `Price`, `DissCount`, `Image_Link`, `Image_List`, `Quantities`, `Status`, `Created`) VALUES
(28, 7, 3, 'Nokia Lumia 630', '<h2><strong>Đ&aacute;nh gi&aacute; Nokia Lumia 630</strong></h2>\r\n<p><a href="http://msmobile.com.vn/dien-thoai/nokia-lumia-630-p1387.html"><strong>Lumia 630</strong></a> kh&aacute; hấp dẫn với gi&aacute; b&aacute;n vừa phải m&agrave; c&ograve;n sở hữu thời lượng pin dồi d&agrave;o c&ugrave;ng hiệu năng tốt sử dụng chip 4 nh&acirc;n Snapdragon 400 1,2 GHzv&agrave; hỗ trợ tới 2 SIM. Đặc biệt đ&acirc;y cũng l&agrave; thiết bị ch&iacute;nh thức chạy hệ điều h&agrave;nh Windows Phone 8.1 c&oacute; mặt tr&ecirc;n thị trường với c&aacute;c cải tiến quan trọng.</p>\r\n<p><strong>Thiết kế</strong></p>\r\n<p><strong>Lumia 630</strong> m&agrave;u v&agrave;ng, xanh v&agrave; cam sử dụng bộ vỏ 2 lớp đẹp mắt tạo ra ngoại h&igrave;nh đẹp mắt, trẻ trung, năng động v&agrave; cho hiệu ứng m&agrave;u khi c&oacute; &aacute;nh s&aacute;ng chiếu v&agrave;o. Ngo&agrave;i ra c&ograve;n hai m&agrave;u đen, trắng cũng kh&ocirc;ng k&eacute;m phần thu h&uacute;t bởi sự đơn giản nhưng sang trọng.</p>\r\n<p><img title="nokia luẻmia 630 thiết kế trẻ trung năng động" src="http://msmobile.com.vn/upload_images/images/nokia-lumia-630-1.jpg" alt="nokia luẻmia 630 thiết kế trẻ trung năng động" /></p>\r\n<p>So với c&aacute;c thiết kế kh&aacute;c của h&atilde;ng th&igrave; <strong>Lumia 630</strong> vu&ocirc;ng vắn hơn. Tuy vậy n&oacute; kh&ocirc;ng kh&oacute; cầm m&agrave; cho cảm gi&aacute;c cầm thoải m&aacute;i nhờ phần viền phẳng được bo nhẹ kh&ocirc;ng qu&aacute; v&aacute;t. Nắp pin được thiết kế k&eacute;o tr&agrave;n v&agrave; bo l&ecirc;n to&agrave;n bộ 4 cạnh khiến mặt trước của m&aacute;y c&oacute; vẻ như c&oacute; đường viền m&agrave;u, trong khi phần vỏ kh&aacute; chắc chắn giống như kiểu thiết kế nguy&ecirc;n khối.<a href="http://msmobile.com.vn/san-pham/dien-thoai-135/loc-san-pham:hang-san-xuat-nokia.html"><strong>Nokia</strong></a> thiết kế cho ph&eacute;p người d&ugrave;ng mở nắp lưng m&aacute;y. Ph&iacute;a b&ecirc;n trong m&aacute;y được bố tr&iacute; hai khe cắm SIM dạng micro c&ugrave;ng với khay cắm thẻ nhớ hỗ trợ tối đa tới 128 GB gi&uacute;p người d&ugrave;ng lưu trữ nhiều hơn. Ri&ecirc;ng khay SIM phụ thứ 2 đặt ở viền gi&uacute;p người d&ugrave;ng c&oacute; thể dễ d&agrave;ng th&aacute;o m&agrave; kh&ocirc;ng cần gỡ pin.</p>\r\n<p><strong>M&agrave;n h&igrave;nh</strong></p>\r\n<p><strong>Lumia 630</strong> c&oacute; lợi thế l&agrave; m&agrave;n h&igrave;nh lớn hơn so với Lumia 525 v&agrave; 520 với m&agrave;n h&igrave;nh 4,5 inch, độ ph&acirc;n giải l&agrave; 854 x 480 pixel.M&agrave;n h&igrave;nh của <strong>Lumia 630</strong> hiển thị kh&aacute;, độ ph&acirc;n giải vừa d&ugrave;ng gi&uacute;p hiển thị nội dung văn bản, h&igrave;nh ảnh hay khi xem video kh&ocirc;ng bị vỡ qu&aacute; r&otilde; nếu như khoảng c&aacute;ch nh&igrave;n th&ocirc;ng thường. Ngo&agrave;i ra tấm nền IPS LCD c&ugrave;ng với c&ocirc;ng nghệ Clear Black gi&uacute;p cho h&igrave;nh ảnh c&oacute; m&agrave;u sắc kh&aacute; thật, g&oacute;c nh&igrave;n rộng v&agrave; đặc biệt l&agrave; rất r&otilde; r&agrave;ng dưới trời nắng. <strong>Lumia 630</strong> cho ph&eacute;p người d&ugrave;ng điều chỉnh nhanh độ s&aacute;ng ở khu vực th&ocirc;ng b&aacute;o Action Center. Việc sử dụng k&iacute;nh cường lực Gorrila Glass 3 ở mặt trước đảm bảo cho m&aacute;y an to&agrave;n hơn trong một số trường hợp tai nạn, va chạm bất ngờ.</p>\r\n<p><img title="nokia luẻmia 630 thiết kế trẻ trung năng động" src="http://msmobile.com.vn/upload_images/images/nokia-lumia-630-2.png" alt="nokia luẻmia 630 thiết kế trẻ trung năng động" /></p>\r\n<p><strong>Lumia 630 c&oacute; những t&iacute;nh năng quan trọng như</strong>:</p>\r\n<p>M&aacute;y sử dụng hệ điều h&agrave;nh Windows Phone 8.1 ch&iacute;nh thức với nhiều cải tiến t&iacute;ch cực: giao diện live Tiles trong suốt, hiển thị ba cột; thanh th&ocirc;ng b&aacute;o Action Center; hỗ trợ hai SIM; b&agrave;n ph&iacute;m g&otilde; tiếng việt dạng Telex v&agrave; VNI. Những cải tiến n&agrave;y gi&uacute;p m&agrave;n h&igrave;nh m&aacute;y tr&ocirc;ng hấp dẫn hơn.</p>\r\n<p><strong>Camera</strong></p>\r\n<p><strong>Nokia Lumia 630</strong> được trang bị camera với độ ph&acirc;n giải 5 megapixel cho chất lượng camera kh&aacute; tốt, việc lấy n&eacute;t v&agrave; chụp nhanh hơn. Ở điều kiện đủ s&aacute;ng ở ngo&agrave;i trời, h&igrave;nh chụp cho chất lượng kh&aacute;, h&igrave;nh ảnh c&oacute; được sự chi tiết v&agrave; thể hiện chiều s&acirc;u.</p>\r\n<p><strong>Thời gian sử dụng pin</strong></p>\r\n<p>Thời lượng pin tr&ecirc;n <strong>Lumia 630</strong> vẫn rất tốtd&ugrave; được sở hữu kết nối 2 SIM. Khi người d&ugrave;ng sử dụng cả 2 SIM, để m&aacute;y ở chế độ 3G với tần suất sử dụng kh&aacute; nhiều pin của m&aacute;y cho ph&eacute;p hoạt động li&ecirc;n tục trong khoảng 1,5 ng&agrave;y. Nếu chỉ d&ugrave;ng ở chế độ nghe gọi th&igrave; thời lượng pin c&oacute; thể sử dụng nhiều hơn rất nhiều.</p>\r\n<p><img title="nokia lumia 630 2 sim " src="http://msmobile.com.vn/upload_images/images/nokia-lumia-630-3.jpg" alt="nokia lumia 630 2 sim " /></p>\r\n<p><strong>Kết luận</strong></p>\r\n<p>Với mức gi&aacute; vừa phải nhưng <strong>lumia 630</strong> vẫn được trang bị những t&iacute;nh năng như một chiếc smartphone hiện đại sẽ l&agrave; lựa chọn hợp l&yacute; cho nhiều người c&oacute; thu nhập kh&ocirc;ng cao. &nbsp;</p>', '2550000', 0, '/Uploads/images/dienthoai/Sony/lumia6301.jpg', '/Uploads/images/dienthoai/Sony/lumia630shell.png,', 0, 1, '2016-09-22'),
(29, 3, 3, 'Sony Z1s cũ (99%)', '<p>Sony kh&ocirc;ng nhận được nhiều sự ch&uacute; &yacute; giống như những thiết bị Android đến từ c&aacute;c h&atilde;ng điện tử Samsung v&agrave; HTC nhưng r&otilde; r&agrave;ng những thiết bị của h&atilde;ng n&agrave;y khi đ&atilde; tung ra thị trường đều được trang bị những t&iacute;nh năng th&uacute; vị v&agrave; ấn tượng, rất được l&ograve;ng người d&ugrave;ng. Sony Z1s cũ l&agrave; một minh chứng cụ thể cho điều n&agrave;y. C&ugrave;ng t&igrave;m hiểu về chiếc Sony Z1s cũ đang được b&agrave;y b&aacute;n tr&ecirc;n kệ h&agrave;ng của Msmobile để c&oacute; c&aacute;i nh&igrave;n cận cảnh hơn về chiếc smartphone n&agrave;y.</p>\r\n<p><a href="http://msmobile.com.vn/dien-thoai/sony-z1s-cu-p1541.html"><img src="http://msmobile.com.vn/upload_images/images/xperiaz1s_2056-100259828-large_idge.jpg" alt="" /></a></p>\r\n<p><strong>Thiết kế đẹp, sang trọng</strong></p>\r\n<p><a href="http://msmobile.com.vn/dien-thoai/sony-z1s-cu-p1541.html">Sony Z1s cũ</a> to&aacute;t l&ecirc;n vẻ sang trọng m&agrave; bất cứ người d&ugrave;ng n&agrave;o cũng c&oacute; thể thấy tr&ecirc;n thiết bị của Sony với hai mặt trước sau phủ k&iacute;nh, khung kim loại chạy dọc theo c&aacute;c cạnh. M&aacute;y c&oacute; k&iacute;ch thước tổng thể 145.7 x 73.9 x 8.6 mm v&agrave; trọng lượng 162 gam n&ecirc;n kh&aacute; dễ d&agrave;ng để cầm tr&ecirc;n tay. Điều m&agrave; người d&ugrave;ng y&ecirc;u th&iacute;ch tr&ecirc;n chiếc smartphone n&agrave;y đ&oacute; l&agrave; khả năng kh&aacute;ng nước đạt ti&ecirc;u chuẩn IP58 n&ecirc;n c&oacute; thể thoải m&aacute;i sử dụng m&aacute;y trong điều kiện trời mưa, d&ugrave;ng trong bể bơi hoặc nh&agrave; tắm.</p>\r\n<p><a href="http://msmobile.com.vn/dien-thoai/sony-z1s-cu-p1541.html"><img src="http://msmobile.com.vn/upload_images/images/xperiaz1s_2059-100259824-large_idge.jpg" alt="" /></a></p>\r\n<p><strong>Hiệu năng mạnh mẽ, đủ sức chinh phục những người d&ugrave;ng kh&oacute; t&iacute;nh nhất</strong></p>\r\n<p>Sony <a href="http://msmobile.com.vn/dien-thoai/sony-z1s-cu-p1541.html">Z1s cũ</a> sở hữu chipset tương đồng với nhiều smartphone tr&ecirc;n thị trường hiện nay như Samsung Galaxy Note 3 v&agrave; LG G2 với Snapdragon 800, dung lượng RAM 2 GB v&agrave; bộ nhớ trong 32 GB, hỗ trợ mở rộng kh&ocirc;ng gian lưu trữ qua thẻ nhớ 32 GB. Kh&ocirc;ng c&oacute; bất cứ vấn đề g&igrave; về thao t&aacute;c đa t&aacute;c vụ cũng như khởi chạy c&aacute;c ứng dụng v&agrave; game nặng. Người d&ugrave;ng cũng sẽ kh&ocirc;ng phải bắt gặp bất cứ hiện tượng giật, lag n&agrave;o tr&ecirc;n giao diện của Sony Z1s cũ.</p>\r\n<p>Nhờ được t&iacute;ch hợp một m&agrave;n h&igrave;nh TFT ứng dụng c&ocirc;ng nghệ Triluminosv v&agrave; bộ xử l&yacute; X-Reality, k&iacute;ch thước 5 inch, độ ph&acirc;n giải 1080 x 1920 pixel, mật độ điểm ảnh đạt 441 ppi m&agrave; Sony Z1s cũ c&oacute; g&oacute;c nh&igrave;n, chất lượng hiển thị cực kỳ ấn tượng.</p>\r\n<p>Với một pin 3000 mAh, <a href="http://msmobile.com.vn/dien-thoai/sony-z1s-cu-p1541.html">Sony Xperia&nbsp;Z1s cũ</a> l&agrave; một bước cải tiến cực kỳ lớn so với người tiền nhiệm, thời lượng pin k&eacute;o d&agrave;i khoảng 9 giờ 37 ph&uacute;t trong c&aacute;c b&agrave;i kiểm tra video. Người d&ugrave;ng cũng c&oacute; thể thiết lập c&aacute;c chế độ tiết kiệm pin v&igrave; Sony đ&atilde; t&iacute;ch hợp sẵn STAMINA mode kh&aacute; dễ k&iacute;ch hoạt / v&ocirc; hiệu h&oacute;a từ tr&igrave;nh C&agrave;i đặt Settings.</p>\r\n<p><img src="http://msmobile.com.vn/upload_images/images/xperiaz1s_2074-100259825-large_idge.jpg" alt="" /></p>\r\n<p><strong>M&aacute;y ảnh chất lượng</strong></p>\r\n<p>Sony đ&atilde; quyết định trang bị cho Sony Z1s cũ một camera ch&iacute;nh 20.7 MP với chế độ Superior Auto: h&igrave;nh ảnh v&agrave; chất lượng video được đặt ở chế độ tối ưu h&oacute;a. H&igrave;nh ảnh được lưu giữ kh&aacute; sắc n&eacute;t, tươi s&aacute;ng v&agrave; gi&agrave;u độ chi tiết. Camera phụ 2 MP cũng đủ sức mang lại c&aacute;c trải nghiệm chat video, selfie ấn tượng để người d&ugrave;ng thoải m&aacute;i chia sẻ với bạn b&egrave; qua mạng x&atilde; hội.</p>', '2150000', 0, '/Uploads/images/dienthoai/Sony/z1s.jpg', '/Uploads/images/dienthoai/Sony/z1sshell.jpg,', 0, 1, '2016-09-22'),
(30, 7, 3, 'Nokia Lumia 830 cũ (99%)', '<p>Microsoft l&agrave;&nbsp;đơn đ&atilde; mua lại&nbsp;thương hiệu <a href="http://msmobile.com.vn/san-pham/dien-thoai-135/loc-san-pham:hang-san-xuat-nokia.html"><strong>Nokia</strong></a>, mới đ&acirc;y&nbsp;đ&atilde; giới thiệu hai điện thoại mới ở triển l&atilde;m IFA. Trong số đ&oacute; c&oacute; thiết bị với m&atilde; sản phẩm l&agrave;&nbsp;<strong>Lumia 830</strong>&nbsp;thuộc ph&acirc;n kh&uacute;c tầm trung với gi&aacute; b&aacute;n khoảng&nbsp;8 triệu đồng nhưng được <strong>Microsoft</strong> gọi l&agrave; "affordable flagship" l&agrave; thiết bị cao cấp m&agrave; c&oacute; mức gi&aacute; rẻ. Nhưng gi&aacute; b&aacute;n thực chất c&ograve;n rẻ hơn gi&aacute; b&aacute;n đưa ra, vậy chiếc smartphone n&agrave;y c&oacute; g&igrave; đặc biệt? H&atilde;y c&ugrave;ng <strong>MSmobile</strong> đ&aacute;nh gi&aacute; nhanh nh&eacute; !</p>\r\n<h3><strong>Thiết kế</strong></h3>\r\n<p>Được thiết kế với&nbsp;chất liệu v&agrave; vẻ ngo&agrave;i kh&aacute;&nbsp;giống người anh em l&agrave;&nbsp;<strong>Lumia 930</strong>, m&aacute;y c&oacute;&nbsp;viền nh&ocirc;m bao quanh th&acirc;n m&aacute;y v&agrave; vỏ nhựa bao bọc ở&nbsp;mặt sau. Tuy v&acirc;y,&nbsp;viền nh&ocirc;m của m&aacute;y đ&atilde;&nbsp;bao hết c&aacute;c g&oacute;c cạnh&nbsp;n&ecirc;n khi nh&igrave;n v&agrave;o sẽ&nbsp;cho cảm gi&aacute;c d&agrave;y v&agrave; chắc chắn hơn so với Lumia 930. Viền nh&ocirc;m của <a href="http://msmobile.com.vn/dien-thoai/nokia-lumia-830-cu-p1293.html"><strong>Nokia Lumia 830</strong></a> đ&atilde;&nbsp;được gia c&ocirc;ng nh&aacute;m, v&igrave;&nbsp;vỏ sau bằng nhựa v&agrave; m&aacute;y c&oacute; thiết&nbsp;vu&ocirc;ng vắn n&ecirc;n cảm gi&aacute;c cầm m&aacute;y rất chắc tay, kh&ocirc;ng c&ograve;n&nbsp;trơn như c&aacute;c m&aacute;y <strong>iPhone 6</strong> hay HTC One M8.</p>\r\n<p><img title="Cảm gi&aacute;c cầm nắm của Lumia 830 rất tốt" src="http://msmobile.com.vn/upload_images/images/nokia-lumia-830-2.jpg" alt="Cảm gi&aacute;c cầm nắm của Lumia 830 rất tốt" /></p>\r\n<p><strong>Lumia 830</strong>&nbsp;đ&atilde;&nbsp;được nh&agrave; sản xuất&nbsp;trang bị hệ thống chống rung quang học&nbsp;(OIS) mỏng nhất tr&ecirc;n điện thoại, l&agrave;m cho&nbsp;cụm camera của m&aacute;y mỏng hơn kh&aacute; nhiều&nbsp;so với chiếc Lumia 930. Camera của m&aacute;y d&agrave;y hơn phần th&acirc;n m&aacute;y ở b&ecirc;n cạnh khoảng 0,5 mm, nhưng&nbsp;v&igrave;&nbsp;c&aacute;ch phối m&agrave;u n&ecirc;n cũng phải nh&igrave;n kĩ mới nhận ra.&nbsp;</p>\r\n<h3><strong>M&agrave;n h&igrave;nh</strong></h3>\r\n<p>Về m&agrave;n h&igrave;nh th&igrave;&nbsp;<strong>Lumia 830</strong> c&oacute; k&iacute;ch thước 5 inch, độ ph&acirc;n giải l&ecirc;n tới&nbsp;1280 x 720 v&agrave; m&aacute;y c&oacute;&nbsp;sử dụng tấm nền IPS. Cho mật độ điểm ảnh 294 PPI, l&agrave;m cho h&igrave;nh ảnh&nbsp;hiển thị sắc n&eacute;t.</p>\r\n<p><img title="M&agrave;n h&igrave;nh của lumia 830 cho m&agrave;u sắc trung thực - sống động" src="http://msmobile.com.vn/upload_images/images/man-hinh-lumia-830.jpg" alt="M&agrave;n h&igrave;nh của lumia 830 cho m&agrave;u sắc trung thực - sống động" /></p>\r\n<p>Ch&uacute;ng t&ocirc;i đ&atilde; thực nghiệm khi sử dụng thiết bị đo, để đo&nbsp;độ s&aacute;ng tối đa của m&agrave;n h&igrave;nh Lumia 830 v&agrave; kết quả được&nbsp;478 nit, đ&acirc;y l&agrave; 1&nbsp;con số kh&aacute; cao. Sự kết hợp giữa độ s&aacute;ng cao v&agrave;&nbsp;tấm k&iacute;nh chống l&oacute;a ClearBlack gi&uacute;p Lumia&nbsp;hiển thị kh&aacute;&nbsp;tốt khi d&ugrave;ng ngo&agrave;i trời.&nbsp;</p>\r\n<p><img title="sử dụng thiết bị đo độ s&aacute;ng của Lumia 830" src="http://msmobile.com.vn/upload_images/images/do-mau-tren-lumia-830.jpg" alt="sử dụng thiết bị đo độ s&aacute;ng của Lumia 830" /></p>\r\n<h3><strong>Camera</strong></h3>\r\n<p><strong>Lumia 830</strong> l&agrave; smartphone tầm trung đầu ti&ecirc;n được trang bị t&iacute;nh năng PureView, với hệ thống chống rung quang học (OIS) mỏng nhất hiện nay. Tuy nhi&ecirc;n với&nbsp;độ ph&acirc;n giải camera của Lumia <strong>830</strong> chỉ c&oacute;&nbsp;10MP, n&ecirc;n&nbsp;sẽ&nbsp;kh&ocirc;ng c&oacute; t&iacute;nh năng pixel sampling (gộp nhiều điểm ảnh lại th&agrave;nh một điểm ảnh c&oacute; chất lượng cao) như tr&ecirc;n Lumia 1020.</p>\r\n<p><img title="cụm camera của lumia 830" src="http://msmobile.com.vn/upload_images/images/nokia-lumia-830-3.jpg" alt="cụm camera của lumia 830" /></p>\r\n<p><strong>Camera của Lumia 830</strong> vẫn mang n&eacute;t kh&aacute; giống c&aacute;c phi&ecirc;n bản&nbsp;Lumia gần đ&acirc;y cho chất lượng ảnh: ảnh chụp tối c&oacute; độ s&aacute;ng cao, &iacute;t bị rung,&nbsp;ảnh chụp ban ng&agrave;y c&oacute; độ n&eacute;t kh&aacute;&nbsp;tốt, m&agrave;u sắc trung thực rất trung, kh&ocirc;ng qu&aacute; rực rỡ như c&aacute;c thiết bị của <strong>Sony</strong>.&nbsp;</p>\r\n<p><img title="ảnh chụp từ Lumia 830 cho chất lượng kh&aacute; tốt" src="http://msmobile.com.vn/upload_images/images/anh-chup-tu-lumia-830.jpg" alt="ảnh chụp từ Lumia 830 cho chất lượng kh&aacute; tốt" /></p>\r\n<h3><strong>Hiệu năng v&agrave; thời gian sử dụng pin</strong></h3>\r\n<p><img title="Cấu h&igrave;nh của Lumia 830 đ&aacute;p ứng mọi trải nghiệm" src="http://msmobile.com.vn/upload_images/images/nokia-lumia-830-4.jpg" alt="Cấu h&igrave;nh của Lumia 830 đ&aacute;p ứng mọi trải nghiệm" /></p>\r\n<p><strong>Lumia 830</strong> c&oacute; tr&aacute;i tim l&agrave;&nbsp;vi xử l&yacute; Snapdragon 400 bốn l&otilde;i, c&oacute;&nbsp;tốc độ 1.2GHz, RAM 1GB v&agrave; bộ nhớ trong l&agrave;&nbsp;16GB. M&aacute;y cho khả năng&nbsp;chạy mượt c&aacute;c t&aacute;c vụ th&ocirc;ng thường.</p>\r\n<p>Pin của <strong>Lumia 830</strong> c&oacute; dung lượng l&agrave;&nbsp;2200mAh, đ&acirc;y l&agrave; dung lượng pin kh&aacute; tốt so với những smartphone tầm trung kh&aacute;c, đ&aacute;p ứng nhu cầu sử dụng b&igrave;nh thường của bạn 1 ng&agrave;y.</p>', '2950000', 0, '/Uploads/images/dienthoai/Sony/lumia830.jpg', '/Uploads/images/dienthoai/Sony/Nokia-Lumia-830shell.jpg,', 0, 1, '2016-09-22'),
(31, 4, 1, 'Vỏ Silicon, Case cho Pin dự phòng Xiaomi', '<div id="characteristic" class="_boxright">\r\n<div class="_highlights hidden-md hidden-sm hidden-xs">\r\n<h4>Đặc điểm nổi bật</h4>\r\n<div class="label-content">&nbsp;</div>\r\n</div>\r\n</div>\r\n<div id="boxvideo" class="_boxvideo hidden-md hidden-sm hidden-xs  clearfix">\r\n<h3>Video về sản phẩm</h3>\r\n<div class="_left">&nbsp;</div>\r\n<div class="_right">&nbsp;</div>\r\n</div>\r\n<div id="boxrelate" class="boxrelate clearfix hidden-md hidden-sm hidden-xs tablist">\r\n<ul class="nav nav-tabs">\r\n<li class="active"><a href="http://msmobile.com.vn/phu-kien-xiaomi/vo-silicon-case-cho-pin-du-phong-xiaomi-p1590.html#related" rel="nofollow" data-toggle="tab">TƯƠNG TỰ</a></li>\r\n<li><a href="http://msmobile.com.vn/phu-kien-xiaomi/vo-silicon-case-cho-pin-du-phong-xiaomi-p1590.html#accessories" rel="nofollow" data-toggle="tab">PHỤ KIỆN</a></li>\r\n<li><a href="http://msmobile.com.vn/phu-kien-xiaomi/vo-silicon-case-cho-pin-du-phong-xiaomi-p1590.html#service" rel="nofollow" data-toggle="tab">DỊCH VỤ</a></li>\r\n</ul>\r\n<div class="tab-content">\r\n<div id="related" class="tab-pane active">\r\n<ul class="relate_products  clearfix">\r\n<li class="item">\r\n<div class="_content"><a title="Xiaomi Redmi Note 3 Pro" href="http://msmobile.com.vn/dien-thoai/xiaomi-redmi-note-3-pro-p1562.html" rel="nofollow"><img class="img-responsive" src="http://msmobile.com.vn/images/products/2016/06/16/resized/xiaomi_1466064376.png" alt="Xiaomi Redmi Note 3 Pro" /></a>\r\n<h4>Xiaomi Redmi Note 3 Pro</h4>\r\n<a title="Xiaomi Redmi Note 3 Pro" href="http://msmobile.com.vn/dien-thoai/xiaomi-redmi-note-3-pro-p1562.html" rel="nofollow"><strong>3.100.000đ</strong></a><a class="viewdetail" href="http://msmobile.com.vn/dien-thoai/xiaomi-redmi-note-3-pro-p1562.html" rel="nofollow">Xem chi tiết</a></div>\r\n</li>\r\n</ul>\r\n</div>\r\n</div>\r\n</div>\r\n<div id="boxdesc" class="boxdesc">\r\n<div id="box_conten_linfo" data-readmore="">\r\n<p>Case Xiaomi 10000mAh l&agrave; ốp bảo vệ d&agrave;nh ri&ecirc;ng cho pin dự ph&ograve;ng Xiaomi PowerBank 10000 với m&agrave;u sắc v&ocirc; c&ugrave;ng phong ph&uacute;, đa dạng, được kh&aacute; nhiều t&iacute;n đồ của smartphone y&ecirc;u chuộng.</p>\r\n<p><img src="http://msmobile.com.vn/upload_images/images/mm(1).jpg" alt="" /></p>\r\n<p>Với thiết kế trẻ trung, c&ugrave;ng chất liệu silicon rất bền bỉ c&oacute; khả năng chống giảm thiểu mọi va đập mạnh v&agrave; rơi vỡ cho pin dự ph&ograve;ng Xiaomi, <strong>Case Xiaomi 10000mAh</strong>được nhiều kh&aacute;ch h&agrave;ng lựa chọn. Sản phẩm hiện đang được MSmobile cung cấp, ph&acirc;n phối ch&iacute;nh h&atilde;ng với mức gi&aacute; b&aacute;n cực k&igrave; hấp dẫn.</p>\r\n<p><strong>L&agrave;m thế n&agrave;o để biết Xiaomi PowerBank 10000 ch&iacute;nh h&atilde;ng hay Fake?</strong></p>\r\n<p><strong>H&agrave;ng ch&iacute;nh h&atilde;ng</strong>:</p>\r\n<ul>\r\n<li>Logo Mi tr&ecirc;n Case Xiaomi 10000mAh sẽ được dập rất s&acirc;u v&agrave; tr&ocirc;ng v&ocirc; c&ugrave;ng sắc sảo. Số seriak kh&aacute;c nhau ho&agrave;n to&agrave;n.</li>\r\n<li>C&aacute;c đường viền thường c&oacute; độ d&agrave;y rất th&iacute;ch hợp, c&oacute; khả năng bảo vệ pin dự ph&ograve;ng v&agrave; chống sốc cực tốt, &ocirc;m kh&iacute;t v&agrave;o vi&ecirc;n pin, cho người d&ugrave;ng cảm gi&aacute;c v&ocirc; c&ugrave;ng chắc tay khi cầm.</li>\r\n</ul>\r\n</div>\r\n</div>', '20000', 0, '/Uploads/images/dienthoai/phukien.jpg', '/Uploads/images/dienthoai/phukien.jpg,', 0, 1, '2016-09-26'),
(32, 5, 1, 'Tai nghe Xiaomi', '<div id="characteristic" class="_boxright">\r\n<div class="_highlights hidden-md hidden-sm hidden-xs">\r\n<h4><strong>Sở hữu Tai nghe Xiaomi&nbsp;chất lương tốt - gi&aacute; cạnh tranh tại MSmobile</strong></h4>\r\n</div>\r\n</div>\r\n<div id="boxdesc" class="boxdesc">\r\n<div id="box_conten_linfo">\r\n<p><strong>&nbsp;Sản phẩm tai nghe cao cấp d&agrave;nh cho điện thoại di động của Sony</strong></p>\r\n<p>- Thiết kế độc đ&aacute;o, cho chất lượng &acirc;m thanh trung thực, &acirc;m bass s&acirc;u<br />- Đem lại sự cảm nhận &acirc;m nhạc ấm &aacute;p, trong s&aacute;ng v&agrave; thực tế<br />- Microphone được t&iacute;ch hợp ngay tr&ecirc;n c&aacute;p gi&uacute;p bạn kh&ocirc;ng bỏ lỡ cuộc gọi n&agrave;o<br />- Đầu tai nghe được l&agrave;m bằng silicon mềm kh&ocirc;ng g&acirc;y đau tai nghe l&acirc;u<br />- Tương th&iacute;ch với tất cả c&aacute;c sản phẩm của Sony v&agrave; c&aacute;c sản phẩm kh&aacute;c c&oacute; hỗ trợ ng&otilde; ra audio 3.5 mm<br />- Đường k&iacute;ng: &oslash; 9,2 mm</p>\r\n<p><br /><br /></p>\r\n<p><img src="http://msmobile.com.vn/upload_images/images/55972b7a_6f84347c_tb2q_l2cxxxxxcxxxxxxxxxxxxx_-872196368.jpg" alt="" /></p>\r\n</div>\r\n</div>', '150000', 0, '/Uploads/images/dienthoai/tainghe.jpg', '/Uploads/images/dienthoai/tainghe.jpg,', 0, 1, '2016-09-26');

-- --------------------------------------------------------

--
-- Table structure for table `slider`
--

CREATE TABLE `slider` (
  `Id` int(11) NOT NULL,
  `Slider_Name` varchar(100) NOT NULL,
  `Slider_Image` varchar(96) NOT NULL,
  `Slider_Link` varchar(30) NOT NULL,
  `Status` tinyint(4) NOT NULL DEFAULT '1'
) ENGINE=InnoDB DEFAULT CHARSET=utf8;

--
-- Dumping data for table `slider`
--

INSERT INTO `slider` (`Id`, `Slider_Name`, `Slider_Image`, `Slider_Link`, `Status`) VALUES
(1, 'SHip hàng miễn phí trên toàn quốc', '/Uploads/files/slide.png', '#', 1),
(2, 'Hàng mới về HTC one A9', '/Uploads/files/slide2.png', '#', 1),
(3, 'Khuyển mãi khủng các dòng điện thoại xperia', '/Uploads/files/slide3.png', '#', 1),
(4, 'Giảm giá khủng GALAXY s6', '/Uploads/files/s6-mau2.jpg', '#', 1);

-- --------------------------------------------------------

--
-- Table structure for table `users`
--

CREATE TABLE `users` (
  `User_Id` int(11) NOT NULL,
  `User_Name` varchar(50) NOT NULL,
  `Password` varchar(50) NOT NULL,
  `Email` varchar(100) NOT NULL,
  `Name` varchar(200) NOT NULL,
  `Level` int(11) NOT NULL DEFAULT '2',
  `Avatar` varchar(255) NOT NULL DEFAULT '/Uploads/images/avatar.jpg'
) ENGINE=InnoDB DEFAULT CHARSET=utf8;

--
-- Dumping data for table `users`
--

INSERT INTO `users` (`User_Id`, `User_Name`, `Password`, `Email`, `Name`, `Level`, `Avatar`) VALUES
(1, 'admin', 'admin', 'caodung9x@gmail.com', 'Cao Dũng', 0, '/Uploads/images/9.png'),
(2, 'huonglt', 'huonglt0715b', 'huonglt@gmail.com', 'Hương', 1, '/Uploads/images/avatar.jpg'),
(3, 'ninh', '123456789', 'sdadasdas@gmail.com', 'Ninh Lt', 1, '/Uploads/images/avatar.jpg');

--
-- Indexes for dumped tables
--

--
-- Indexes for table `category`
--
ALTER TABLE `category`
  ADD PRIMARY KEY (`Id`);

--
-- Indexes for table `config_detail`
--
ALTER TABLE `config_detail`
  ADD PRIMARY KEY (`Id`),
  ADD KEY `Config_Id` (`Config_Id`),
  ADD KEY `Product_Id` (`Product_Id`);

--
-- Indexes for table `config_products`
--
ALTER TABLE `config_products`
  ADD PRIMARY KEY (`Id`);

--
-- Indexes for table `maps`
--
ALTER TABLE `maps`
  ADD PRIMARY KEY (`id`);

--
-- Indexes for table `news`
--
ALTER TABLE `news`
  ADD PRIMARY KEY (`Id`),
  ADD KEY `Category_Id` (`Category_Id`),
  ADD KEY `User_Id` (`User_Id`);

--
-- Indexes for table `options`
--
ALTER TABLE `options`
  ADD PRIMARY KEY (`Id`);

--
-- Indexes for table `orders`
--
ALTER TABLE `orders`
  ADD PRIMARY KEY (`Id`);

--
-- Indexes for table `orders_products`
--
ALTER TABLE `orders_products`
  ADD PRIMARY KEY (`Id`),
  ADD KEY `Order_Id` (`Order_Id`),
  ADD KEY `Product_Id` (`Product_Id`);

--
-- Indexes for table `products`
--
ALTER TABLE `products`
  ADD PRIMARY KEY (`Id`),
  ADD KEY `Category_Id` (`Category_Id`),
  ADD KEY `User_Id` (`User_Id`);

--
-- Indexes for table `users`
--
ALTER TABLE `users`
  ADD PRIMARY KEY (`User_Id`);

--
-- AUTO_INCREMENT for dumped tables
--

--
-- AUTO_INCREMENT for table `category`
--
ALTER TABLE `category`
  MODIFY `Id` int(11) NOT NULL AUTO_INCREMENT, AUTO_INCREMENT=12;
--
-- AUTO_INCREMENT for table `config_detail`
--
ALTER TABLE `config_detail`
  MODIFY `Id` int(255) NOT NULL AUTO_INCREMENT, AUTO_INCREMENT=280;
--
-- AUTO_INCREMENT for table `config_products`
--
ALTER TABLE `config_products`
  MODIFY `Id` int(255) NOT NULL AUTO_INCREMENT, AUTO_INCREMENT=10;
--
-- AUTO_INCREMENT for table `maps`
--
ALTER TABLE `maps`
  MODIFY `id` int(11) NOT NULL AUTO_INCREMENT, AUTO_INCREMENT=2;
--
-- AUTO_INCREMENT for table `news`
--
ALTER TABLE `news`
  MODIFY `Id` int(255) NOT NULL AUTO_INCREMENT, AUTO_INCREMENT=14;
--
-- AUTO_INCREMENT for table `options`
--
ALTER TABLE `options`
  MODIFY `Id` int(255) NOT NULL AUTO_INCREMENT, AUTO_INCREMENT=8;
--
-- AUTO_INCREMENT for table `orders`
--
ALTER TABLE `orders`
  MODIFY `Id` int(255) NOT NULL AUTO_INCREMENT, AUTO_INCREMENT=6;
--
-- AUTO_INCREMENT for table `orders_products`
--
ALTER TABLE `orders_products`
  MODIFY `Id` int(255) NOT NULL AUTO_INCREMENT, AUTO_INCREMENT=17;
--
-- AUTO_INCREMENT for table `products`
--
ALTER TABLE `products`
  MODIFY `Id` int(255) NOT NULL AUTO_INCREMENT, AUTO_INCREMENT=33;
--
-- AUTO_INCREMENT for table `users`
--
ALTER TABLE `users`
  MODIFY `User_Id` int(11) NOT NULL AUTO_INCREMENT, AUTO_INCREMENT=4;
--
-- Constraints for dumped tables
--

--
-- Constraints for table `config_detail`
--
ALTER TABLE `config_detail`
  ADD CONSTRAINT `config_detail_ibfk_1` FOREIGN KEY (`Config_Id`) REFERENCES `config_products` (`Id`),
  ADD CONSTRAINT `config_detail_ibfk_2` FOREIGN KEY (`Product_Id`) REFERENCES `products` (`Id`);

--
-- Constraints for table `news`
--
ALTER TABLE `news`
  ADD CONSTRAINT `news_ibfk_1` FOREIGN KEY (`Category_Id`) REFERENCES `category` (`Id`),
  ADD CONSTRAINT `news_ibfk_2` FOREIGN KEY (`User_Id`) REFERENCES `users` (`User_Id`);

--
-- Constraints for table `orders_products`
--
ALTER TABLE `orders_products`
  ADD CONSTRAINT `orders_products_ibfk_1` FOREIGN KEY (`Order_Id`) REFERENCES `orders` (`Id`),
  ADD CONSTRAINT `orders_products_ibfk_2` FOREIGN KEY (`Product_Id`) REFERENCES `products` (`Id`);

--
-- Constraints for table `products`
--
ALTER TABLE `products`
  ADD CONSTRAINT `products_ibfk_1` FOREIGN KEY (`Category_Id`) REFERENCES `category` (`Id`),
  ADD CONSTRAINT `products_ibfk_2` FOREIGN KEY (`User_Id`) REFERENCES `users` (`User_Id`);

/*!40101 SET CHARACTER_SET_CLIENT=@OLD_CHARACTER_SET_CLIENT */;
/*!40101 SET CHARACTER_SET_RESULTS=@OLD_CHARACTER_SET_RESULTS */;
/*!40101 SET COLLATION_CONNECTION=@OLD_COLLATION_CONNECTION */;
